parcl_property_id,event_type,event_name,event_date,price,address,city,county_name,BG_ID,latitude,longitude,property_type,bedrooms,bathrooms,square_footage,year_built,price_sf
469283143,SALE,SOLD,2023-12-20,295900.0,334 HARVEST CHURCH RD,,Habersham,131370002041,34.629805,-83.605136,Single family,4.0,3.0,2302.0,2023.0,128.5403996524761
456432899,SALE,SOLD,2024-09-06,319900.0,506 HARVEST CHURCH RD,,Habersham,131370002041,34.634014,-83.603929,Single family,4.0,3.0,1806.0,2024.0,177.13178294573643
455703237,SALE,SOLD,2024-09-26,328000.0,314 MAGNOLIA VILLAS DR,Cornelia City,Habersham,131370006041,34.505985,-83.551865,Single family,4.0,3.5,2121.0,2024.0,154.64403583215466
455411037,SALE,SOLD,2024-05-02,315900.0,3019 STATE HIGHWAY 17,,Habersham,131370002041,34.628437,-83.60116,Single family,4.0,3.5,1571.0,2024.0,201.08211330362826
452645431,SALE,SOLD,2023-12-27,48000.0,135 MOUNTAIN RIDGE DR,,Habersham,131370002033,34.696014,-83.511345,Single family,2.0,2.0,2948.0,2022.0,16.28222523744912
451624356,SALE,SOLD,2024-09-03,329115.0,725 PATHWAY CIR,Cornelia City,Habersham,131370006041,34.506153,-83.55391,Single family,4.0,5.0,2121.0,2024.0,155.16973125884016
434465095,SALE,SOLD,2024-08-06,374500.0,15664 HIGHWAY 197 N,,Habersham,131370002032,34.789597,-83.575676,Single family,2.0,1.0,824.0,2023.0,454.49029126213594
434457591,SALE,SOLD,2024-10-14,515000.0,15662 HIGHWAY 197 N,,Habersham,131370002032,34.7872212,-83.5770152,Single family,2.0,2.0,1283.0,2023.0,401.40296180826186
433510852,SALE,SOLD,2024-05-22,315900.0,3009 HIGHWAY 17,Clarkesville City,Habersham,131370003002,34.607401,-83.506299,Single family,3.0,2.0,1503.0,2024.0,210.17964071856287
274893196,SALE,SOLD,2024-04-18,315900.0,486 HARVEST CHURCH RD,,Habersham,131370002041,34.6312802,-83.6048909,Single family,3.0,2.0,1604.0,2024.0,196.94513715710724
213169427,SALE,SOLD,2024-01-26,340000.0,304 MAGNOLIA VILLAS DR,Cornelia City,Habersham,131370006041,34.505854,-83.552426,Single family,4.0,3.5,2100.0,2023.0,161.9047619047619
205274640,SALE,SOLD,2023-11-30,304900.0,814 BLOSSOM LN,Cornelia City,Habersham,131370006041,34.50662,-83.552216,Single family,3.0,2.0,1500.0,2023.0,203.26666666666668
199064405,SALE,SOLD,2022-11-29,450000.0,145 MAGNOLIA VILLAS DR,Cornelia City,Habersham,131370006041,34.504953,-83.556593,Single family,4.0,3.0,2307.0,2023.0,195.05851755526658
198682482,SALE,SOLD,2023-08-16,337500.0,243 MAGNOLIA VILLAS DR,Cornelia City,Habersham,131370006041,34.504861,-83.554471,Single family,4.0,2.5,2131.0,2023.0,158.37634913186298
198412410,SALE,SOLD,2024-06-14,572500.0,375 SPRING FIELD DR,,Habersham,131370002034,34.651866,-83.536263,Single family,3.0,2.0,2180.0,2023.0,262.61467889908255
197986140,SALE,SOLD,2022-11-30,294830.0,167 MAGNOLIA VILLAS DR,Cornelia City,Habersham,131370006041,34.504337,-83.557365,Single family,4.0,2.0,1830.0,2022.0,161.10928961748633
197833679,SALE,SOLD,2024-01-31,664900.0,220 NORTHERN SPY,,Habersham,131370002033,34.69257,-83.462,Single family,4.0,3.5,3150.0,2023.0,211.0793650793651
197833679,SALE,SOLD,2023-10-30,660000.0,220 NORTHERN SPY,,Habersham,131370002033,34.69257,-83.462,Single family,4.0,3.5,3150.0,2023.0,209.52380952380952
197833679,SALE,SOLD,2023-10-20,660000.0,220 NORTHERN SPY,,Habersham,131370002033,34.69257,-83.462,Single family,4.0,3.5,3150.0,2023.0,209.52380952380952
197670724,SALE,SOLD,2023-02-17,287000.0,299 EDEN WOODS,,Habersham,131370003003,34.593107,-83.531813,Single family,3.0,2.0,1736.0,2022.0,165.32258064516128
197134690,SALE,SOLD,2023-03-10,259750.0,568 CYPRESS DR,Mount Airy Town,Habersham,131370004003,34.527832,-83.475821,Single family,3.0,2.0,1495.0,2022.0,173.7458193979933
172595860,SALE,SOLD,2024-10-17,325000.0,532 ELROD ST,Cornelia City,Habersham,131370005012,34.520149,-83.521188,Single family,3.0,3.5,1816.0,2021.0,178.9647577092511
169298768,SALE,SOLD,2023-05-02,375000.0,395 WHEELER RD,,Habersham,131370002011,34.591887,-83.598488,Single family,4.0,3.0,2068.0,2022.0,181.33462282398452
169298768,SALE,SOLD,2023-02-23,346975.0,395 WHEELER RD,,Habersham,131370002011,34.591887,-83.598488,Single family,4.0,3.0,2068.0,2022.0,167.7828820116054
169298768,SALE,SOLD,2023-02-10,353200.0,395 WHEELER RD,,Habersham,131370002011,34.591887,-83.598488,Single family,4.0,3.0,2068.0,2022.0,170.79303675048357
169298768,SALE,SOLD,2023-02-09,385300.0,395 WHEELER RD,,Habersham,131370002011,34.591887,-83.598488,Single family,4.0,3.0,2068.0,2022.0,186.31528046421664
169298768,SALE,SOLD,2023-01-19,391420.0,395 WHEELER RD,,Habersham,131370002011,34.591887,-83.598488,Single family,4.0,3.0,2068.0,2022.0,189.27466150870407
169298768,SALE,SOLD,2022-11-30,389800.0,395 WHEELER RD,,Habersham,131370002011,34.591887,-83.598488,Single family,4.0,3.0,2068.0,2022.0,188.49129593810446
169298768,SALE,SOLD,2022-11-17,368300.0,395 WHEELER RD,,Habersham,131370002011,34.591887,-83.598488,Single family,4.0,3.0,2068.0,2022.0,178.09477756286267
169298768,SALE,SOLD,2022-11-04,395200.0,395 WHEELER RD,,Habersham,131370002011,34.591887,-83.598488,Single family,4.0,3.0,2068.0,2022.0,191.10251450676984
165043160,SALE,SOLD,2024-10-07,169000.0,257 LACOUNT LN,Clarkesville City,Habersham,131370002041,34.622903,-83.553405,Single family,4.0,3.0,2702.0,2021.0,62.546262028127316
165043160,SALE,SOLD,2023-06-16,405000.0,257 LACOUNT LN,Clarkesville City,Habersham,131370002041,34.622903,-83.553405,Single family,4.0,3.0,2702.0,2021.0,149.88897113249445
96075207,SALE,SOLD,2023-02-13,295900.0,480 HIGHLAND POINTE DR,Baldwin City,Habersham,131370006012,34.488882,-83.588406,Single family,3.0,2.5,1921.0,2022.0,154.03435710567413
66896622,SALE,SOLD,2023-03-23,299000.0,255 ARBOR GATES DR,Cornelia City,Habersham,131370005012,34.517142,-83.516514,Single family,3.0,2.0,1715.0,2022.0,174.34402332361515
469283018,SALE,SOLD,2023-01-20,215000.0,301 ARIZONA ST,Demorest City,Habersham,131370005023,34.564149,-83.536391,Single family,3.0,2.0,1248.0,2022.0,172.27564102564102
469281493,SALE,SOLD,2023-04-06,158800.0,208 SELDOM REST LN,,Habersham,131370006031,34.502854,-83.608602,Single family,1.0,1.0,2000.0,2023.0,79.4
469279886,SALE,SOLD,2023-08-21,141000.0,526 CARL LOUDERMILK RD,,Habersham,131370004004,34.555856,-83.467212,Single family,3.0,3.0,1800.0,2023.0,78.33333333333333
469278078,SALE,SOLD,2023-04-10,215000.0,296 IRVIN LAKE RD,,Habersham,131370001001,34.580969,-83.419848,Single family,1.0,1.0,800.0,2023.0,268.75
459143418,SALE,SOLD,2024-09-05,395000.0,109 PHILLIPS ST,,Habersham,131370002034,34.6382905,-83.5128455,Single family,3.0,2.0,1930.0,2022.0,204.66321243523316
458589287,SALE,SOLD,2024-09-30,315900.0,544 HARVEST CHURCH RD,,Habersham,131370002041,34.6312802,-83.6048908,Single family,3.0,2.0,1503.0,2024.0,210.17964071856287
453759504,SALE,SOLD,2024-04-18,825000.0,435 SHOALS RDG,Clarkesville City,Habersham,131370002011,34.606056,-83.544464,Single family,4.0,4.5,3650.0,2023.0,226.02739726027397
452810046,SALE,SOLD,2023-05-19,389900.0,328 SWAIN ST,Clarkesville City,Habersham,131370003003,34.607094,-83.52579,Single family,2.0,2.0,1182.0,2022.0,329.86463620981385
198695372,SALE,SOLD,2024-04-24,425000.0,814 WILBANKS RD,,Habersham,131370006012,34.484136,-83.591904,Single family,4.0,2.0,3204.0,2021.0,132.64669163545568
197985910,SALE,SOLD,2022-12-19,290950.0,165 MAGNOLIA VILLAS DR,Cornelia City,Habersham,131370006041,34.504326,-83.55737,Single family,3.0,2.0,1634.0,2022.0,178.05997552019585
197984137,SALE,SOLD,2023-01-04,300000.0,210 SLAYTON ST,Cornelia City,Habersham,131370006044,34.510494,-83.53618,Single family,3.0,2.0,1600.0,2022.0,187.5
197503846,SALE,SOLD,2022-11-04,395200.0,697 WHEELER RD,,Habersham,131370002011,34.589912,-83.5995,Single family,4.0,2.5,2209.0,2022.0,178.9044816659122
197133032,SALE,SOLD,2023-02-17,367900.0,455 STONINGTON DR,,Habersham,131370001001,34.611631,-83.433241,Single family,3.0,2.0,1667.0,2022.0,220.69586082783442
137643190,SALE,SOLD,2023-12-20,629900.0,263 SWEETGRASS DR,,Habersham,131370005021,34.571386,-83.516133,Single family,4.0,4.5,2963.0,2023.0,212.58859264259198
137643190,SALE,SOLD,2023-03-29,100000.0,263 SWEETGRASS DR,,Habersham,131370005021,34.571386,-83.516133,Single family,4.0,4.5,2963.0,2023.0,33.74957813027337
95259626,SALE,SOLD,2024-01-17,279900.0,158 HIGHLAND POINTE DR,,Habersham,131370006012,34.488717,-83.585156,Single family,3.0,2.0,1400.0,2023.0,199.92857142857142
87227080,SALE,SOLD,2023-10-11,345000.0,567 HUNTINGTON LN,,Habersham,131370005023,34.533073,-83.554983,Single family,4.0,3.5,1957.0,2020.0,176.2902401635156
85273647,SALE,SOLD,2024-07-16,306900.0,372 HIGHLAND POINTE DR,Baldwin City,Habersham,131370006012,34.491021,-83.591331,Single family,3.0,2.0,1504.0,2020.0,204.05585106382978
74647200,SALE,SOLD,2024-10-02,335000.0,238 HIGHLAND POINTE DR,Baldwin City,Habersham,131370006012,34.489759,-83.587639,Single family,4.0,3.5,2205.0,2021.0,151.92743764172334
452660209,SALE,SOLD,2024-07-29,305000.0,150 SALOME DR,Clarkesville City,Habersham,131370003002,34.604974,-83.512759,Single family,3.0,2.5,1894.0,2024.0,161.03484688489968
451752234,SALE,SOLD,2024-08-26,305000.0,170 SALOME DR,Clarkesville City,Habersham,131370003002,34.6055331,-83.5129515,Single family,3.0,2.5,1894.0,2024.0,161.03484688489968
451752234,SALE,SOLD,2023-11-28,145000.0,170 SALOME DR,Clarkesville City,Habersham,131370003002,34.6055331,-83.5129515,Single family,3.0,2.5,1894.0,2024.0,76.55755015839493
435117686,SALE,SOLD,2024-03-29,347295.0,312 MAGNOLIA VILLAS DR,Cornelia City,Habersham,131370006041,34.505736,-83.5529885,Single family,4.0,3.5,2408.0,2024.0,144.22549833887044
213167511,SALE,SOLD,2023-11-21,285900.0,294 HARVEST CHURCH RD,,Habersham,131370002041,34.631817,-83.604663,Single family,4.0,3.5,1571.0,2023.0,181.98599618077657
197156755,SALE,SOLD,2023-05-26,399000.0,121 CLARKESVILLE HEIGHTS DR,,Habersham,131370002034,34.6360151,-83.5336913,Single family,3.0,2.0,1800.0,2023.0,221.66666666666666
84977298,SALE,SOLD,2024-04-05,320000.0,435 HIGHLAND POINTE DR,Baldwin City,Habersham,131370006012,34.489917,-83.589319,Single family,4.0,4.5,1790.0,2020.0,178.7709497206704
69149262,SALE,SOLD,2023-07-13,299900.0,656 TROJAN LN,Baldwin City,Habersham,131370006012,34.487789,-83.58705,Single family,3.0,2.5,1879.0,2021.0,159.60617349654072
69149262,SALE,SOLD,2023-03-01,30000.0,656 TROJAN LN,Baldwin City,Habersham,131370006012,34.487789,-83.58705,Single family,3.0,2.5,1879.0,2021.0,15.965939329430547
69149262,SALE,SOLD,2023-02-21,30000.0,656 TROJAN LN,Baldwin City,Habersham,131370006012,34.487789,-83.58705,Single family,3.0,2.5,1879.0,2021.0,15.965939329430547
469279010,SALE,SOLD,2023-09-12,580000.0,1150 HEADS FERRY RD,,Habersham,131370006031,34.512587,-83.647866,Single family,4.0,3.0,2480.0,2023.0,233.8709677419355
451611563,SALE,SOLD,2024-05-09,339170.0,144 MAGNOLIA VILLAS DR,Cornelia City,Habersham,131370006041,34.504663,-83.556378,Single family,4.0,3.5,2131.0,2024.0,159.16001877053026
301447596,SALE,SOLD,2024-02-28,376895.0,294 MAGNOLIA VILLAS DR,Cornelia City,Habersham,131370006041,34.505714,-83.5527,Single family,5.0,4.5,2709.0,2024.0,139.12698412698413
223371242,SALE,SOLD,2023-09-26,399000.0,227 SOUTHERN ESTATES DR,,Habersham,131370002012,34.6226941,-83.610611,Single family,4.0,2.5,2484.0,2023.0,160.6280193236715
197817264,SALE,SOLD,2023-12-12,361050.0,254 MAGNOLIA VILLAS DR,Cornelia City,Habersham,131370006041,34.5044997,-83.5544939,Single family,4.0,3.0,2316.0,2023.0,155.89378238341968
197814680,SALE,SOLD,2023-06-07,287525.0,282 MAGNOLIA VILLAS DR,Cornelia City,Habersham,131370006041,34.5044997,-83.5544939,Single family,3.0,2.0,1522.0,2023.0,188.9126149802891
197814566,SALE,SOLD,2024-04-19,530000.0,817 BLOSSOM LN,Cornelia City,Habersham,131370006041,34.506171,-83.552516,Single family,5.0,3.5,3006.0,2023.0,176.3140385894877
197814566,SALE,SOLD,2024-03-05,423000.0,817 BLOSSOM LN,Cornelia City,Habersham,131370006041,34.506171,-83.552516,Single family,5.0,3.5,3006.0,2023.0,140.7185628742515
197504993,SALE,SOLD,2022-11-30,389800.0,2552 HIGHWAY 115,,Habersham,131370002011,34.594196,-83.59855,Single family,4.0,3.0,2068.0,2022.0,188.49129593810446
197282793,SALE,SOLD,2023-08-16,381000.0,846 WILBANKS RD,,Habersham,131370006012,34.484413,-83.591644,Single family,4.0,4.5,2000.0,2022.0,190.5
164488707,SALE,SOLD,2023-03-28,584900.0,876 SWEETGRASS CT,,Habersham,131370005021,34.571413,-83.51545,Single family,4.0,3.5,2980.0,2022.0,196.2751677852349
137453713,SALE,SOLD,2023-08-16,195000.0,223 SUGAR MAPLE DR,Cornelia City,Habersham,131370005012,34.521854,-83.518939,Single family,3.0,2.0,1408.0,2020.0,138.4943181818182
137453713,SALE,SOLD,2023-08-11,285000.0,223 SUGAR MAPLE DR,Cornelia City,Habersham,131370005012,34.521854,-83.518939,Single family,3.0,2.0,1408.0,2020.0,202.41477272727272
94247819,SALE,SOLD,2022-11-03,15000.0,323 ABBINGTON WAY,,Habersham,131370003002,34.620267,-83.486337,Single family,3.0,4.0,2603.0,2022.0,5.762581636573185
75920262,SALE,SOLD,2023-11-30,346400.0,267 PANACEA LN,,Habersham,131370002011,34.615128,-83.579767,Single family,3.0,2.5,1894.0,2023.0,182.89334741288278
75920262,SALE,SOLD,2023-07-03,30565.0,267 PANACEA LN,,Habersham,131370002011,34.615128,-83.579767,Single family,3.0,2.5,1894.0,2023.0,16.13780359028511
72006289,SALE,SOLD,2024-02-08,329900.0,264 HIGHLAND POINTE DR,Baldwin City,Habersham,131370006012,34.489978,-83.588113,Single family,4.0,2.5,2131.0,2021.0,154.80994838104178
68225735,SALE,SOLD,2024-04-03,373000.0,710 WESTCREST LN,,Habersham,131370005023,34.531556,-83.55667,Single family,4.0,2.5,1957.0,2020.0,190.59785385794584
469277495,SALE,SOLD,2023-08-14,550000.0,443 E WATER ST,Clarkesville City,Habersham,131370003002,34.617268,-83.521346,Single family,2.0,3.0,1480.0,2022.0,371.6216216216216
456640431,SALE,SOLD,2024-08-16,679900.0,2053 BEN T HUIET HWY,,Habersham,131370002032,34.691949,-83.632694,Single family,4.0,4.5,2076.0,2024.0,327.504816955684
453317504,SALE,SOLD,2024-05-02,375000.0,3160 OLD CANNON BRIDGE RD,,Habersham,131370006032,34.567549,-83.584646,Single family,3.0,2.0,1738.0,2021.0,215.76524741081704
434243023,SALE,SOLD,2024-03-12,429000.0,1031 SUTTON MILL RD,,Habersham,131370002034,34.642308,-83.5349252,Single family,3.0,2.5,1800.0,2023.0,238.33333333333334
258206057,SALE,SOLD,2024-03-29,295900.0,462 HARVEST CHURCH RD,,Habersham,131370002041,34.633268,-83.604158,Single family,4.0,3.5,1571.0,2024.0,188.35136855506047
213246540,SALE,SOLD,2023-11-29,797500.0,335 ORCHARD CREEK DR,,Habersham,131370002033,34.695478,-83.455928,Single family,4.0,3.5,3172.0,2023.0,251.4186633039092
199129097,SALE,SOLD,2023-09-26,459900.0,201 STERLING MEADOWS DR,,Habersham,131370005021,34.580921,-83.512426,Single family,4.0,2.5,2480.0,2023.0,185.44354838709677
198750694,SALE,SOLD,2023-08-17,343970.0,245 MAGNOLIA VILLAS DR,Cornelia City,Habersham,131370006041,34.504919,-83.554449,Single family,4.0,2.0,2100.0,2023.0,163.7952380952381
197985824,SALE,SOLD,2023-01-26,279350.0,813 BLOSSOM LN,,Habersham,131370006041,34.5059,-83.559,Single family,3.0,2.0,1602.0,2022.0,174.37578027465668
197833145,SALE,SOLD,2024-08-29,327000.0,188 FAIRVIEW MEADOWS DR,,Habersham,131370005022,34.58059,-83.57776,Single family,3.0,2.0,1500.0,2023.0,218.0
197833145,SALE,SOLD,2024-01-16,319000.0,188 FAIRVIEW MEADOWS DR,,Habersham,131370005022,34.58059,-83.57776,Single family,3.0,2.0,1500.0,2023.0,212.66666666666666
197134760,SALE,SOLD,2023-03-24,264550.0,550 CYPRESS DR,Mount Airy Town,Habersham,131370004003,34.528538,-83.475891,Single family,3.0,2.0,1306.0,2022.0,202.56508422664623
174790413,SALE,SOLD,2023-07-06,680000.0,275 GLAZENWOOD DR,,Habersham,131370002033,34.698803,-83.462111,Single family,4.0,3.0,2648.0,2020.0,256.797583081571
171056462,SALE,SOLD,2023-09-21,55000.0,138 VILLAGE DR,Clarkesville City,Habersham,131370003002,34.607292,-83.520351,Single family,3.0,3.0,1902.0,2022.0,28.916929547844376
114536161,SALE,SOLD,2023-04-28,125000.0,3114 OAKEY MOUNTAIN RD,,Habersham,131370002032,34.734942,-83.556608,Single family,2.0,2.0,1373.0,2023.0,91.04151493080845
114536161,SALE,SOLD,2023-03-02,150000.0,3114 OAKEY MOUNTAIN RD,,Habersham,131370002032,34.734942,-83.556608,Single family,2.0,2.0,1373.0,2023.0,109.24981791697014
94755423,SALE,SOLD,2024-10-07,352500.0,622 HUNTINGTON LN,,Habersham,131370005023,34.534601,-83.554308,Single family,3.0,3.5,1732.0,2021.0,203.52193995381063
92846424,SALE,SOLD,2024-08-09,200000.0,223 CARIBOU LN,,Habersham,131370001001,34.642535,-83.477324,Single family,4.0,2.0,2160.0,2022.0,92.5925925925926
76843576,SALE,SOLD,2023-05-15,289000.0,453 HIGHLAND POINTE DR,Baldwin City,Habersham,131370006012,34.489531,-83.589021,Single family,3.0,2.5,1710.0,2020.0,169.00584795321637
68661765,SALE,SOLD,2023-08-07,360000.0,249 HUNTINGTON MANOR CT,,Habersham,131370005023,34.533794,-83.557815,Single family,4.0,3.5,2486.0,2020.0,144.81094127111825
66468006,SALE,SOLD,2024-02-20,975000.0,203 WINDROSE MEADOW LN,,Habersham,131370003001,34.595613,-83.512941,Single family,3.0,3.0,3622.0,2020.0,269.1882937603534
455732624,SALE,SOLD,2024-06-28,299000.0,949 SMITH LOOP,,Habersham,131370006032,34.5535731,-83.5874669,Single family,4.0,2.0,1488.0,2024.0,200.94086021505376
455380222,SALE,SOLD,2024-04-30,315900.0,3039 STATE HIGHWAY 17,,Habersham,131370002041,34.62767,-83.60109,Single family,3.0,2.0,1504.0,2024.0,210.03989361702128
433511898,SALE,SOLD,2024-04-30,315900.0,3049 HIGHWAY 17,,Habersham,131370002041,34.627422,-83.60493,Single family,3.0,2.0,1503.0,2024.0,210.17964071856287
274894817,SALE,SOLD,2024-08-28,305900.0,500 HARVEST CHURCH RD,,Habersham,131370002041,34.6312802,-83.6048909,Single family,4.0,2.5,1571.0,2024.0,194.71674092934435
199011742,SALE,SOLD,2023-07-31,640000.0,208 NORTHERN SPY,,Habersham,131370002033,34.6929568,-83.4599995,Single family,4.0,3.5,2963.0,2022.0,215.99730003374958
198721122,SALE,SOLD,2023-08-17,475000.0,304 WINDSONG RIDGE DR,,Habersham,131370002012,34.6281938,-83.5926968,Single family,4.0,2.0,1920.0,2023.0,247.39583333333334
197986614,SALE,SOLD,2022-12-22,301365.0,241 MAGNOLIA VILLAS DR,Cornelia City,Habersham,131370006041,34.50466,-83.55699,Single family,4.0,2.0,1830.0,2022.0,164.68032786885246
197984194,SALE,SOLD,2023-02-15,279350.0,189 MAGNOLIA VILLAS DR,Cornelia City,Habersham,131370006041,34.50447,-83.55726,Single family,3.0,2.0,1727.0,2022.0,161.75448755066589
197976961,SALE,SOLD,2023-04-04,359800.0,247 MAGNOLIA VILLAS DR,Cornelia City,Habersham,131370006041,34.504961,-83.55442,Single family,5.0,3.5,2709.0,2022.0,132.81653746770027
197521175,SALE,SOLD,2023-02-23,347000.0,2486 HIGHWAY 115,,Habersham,131370002011,34.592993,-83.600567,Single family,4.0,3.0,2146.0,2022.0,161.69617893755824
197480541,SALE,SOLD,2023-09-27,525000.0,357 STERLING MEADOWS CT,,Habersham,131370005021,34.579506,-83.511375,Single family,4.0,3.0,2240.0,2022.0,234.375
197280609,SALE,SOLD,2024-03-14,65000.0,718 WILBANKS RD,,Habersham,131370006012,34.48411,-83.58966,Single family,4.0,4.5,2646.0,2021.0,24.565381708238853
197161172,SALE,SOLD,2022-12-29,375000.0,417 STONINGTON DR,,Habersham,131370001001,34.611422,-83.433546,Single family,3.0,2.0,1780.0,2022.0,210.67415730337078
77873217,SALE,SOLD,2023-12-28,390000.0,228 HUNTINGTON MANOR CT,,Habersham,131370005023,34.53273,-83.557612,Single family,3.0,3.5,2415.0,2020.0,161.49068322981367
72292979,SALE,SOLD,2023-03-28,335000.0,557 HUNTINGTON LN,,Habersham,131370005023,34.532801,-83.555125,Single family,4.0,2.5,2112.0,2020.0,158.61742424242425
458713965,SALE,SOLD,2024-07-30,394291.0,140 APPLEWOOD WAY,Homer Town,Banks,130119702001,34.362576,-83.490744,Single family,4.0,2.5,2352.0,2024.0,167.64073129251702
458710649,SALE,SOLD,2024-08-15,403457.0,146 APPLEWOOD WAY,Homer Town,Banks,130119702001,34.362576,-83.490744,Single family,5.0,4.5,2608.0,2024.0,154.69976993865032
456107923,SALE,SOLD,2024-08-29,411387.0,135 SWALLOWTAIL LN,Homer Town,Banks,130119702001,34.362576,-83.490744,Single family,3.0,2.5,1933.0,2024.0,212.82307294361098
456030962,SALE,SOLD,2024-07-22,612281.0,108 PLANTERS OAK,Baldwin City,Banks,130119701002,34.458822,-83.549474,Single family,3.0,5.5,2600.0,2024.0,235.4926923076923
455953040,SALE,SOLD,2024-05-20,391942.0,137 SWALLOWTAIL LN,Homer Town,Banks,130119702001,34.362576,-83.490746,Single family,3.0,3.5,1933.0,2024.0,202.76357992757372
453228754,SALE,SOLD,2023-09-13,85000.0,1291 CAUDELL RD,,Banks,130119701003,34.409389,-83.453795,Single family,1.0,1.0,480.0,2022.0,177.08333333333334
433901530,SALE,SOLD,2023-11-28,299990.0,161 SWEET BRIAR WAY,Homer Town,Banks,130119702001,34.36234,-83.49315,Single family,3.0,2.0,1875.0,2023.0,159.99466666666666
433718365,SALE,SOLD,2023-11-22,334360.0,200 SWEET BRIAR WAY,Homer Town,Banks,130119702001,34.36266,-83.4931,Single family,5.0,3.0,2514.0,2023.0,132.9992044550517
433695084,SALE,SOLD,2023-11-02,321990.0,191 SWEET BRIAR WAY,Homer Town,Banks,130119702001,34.36258,-83.4932,Single family,3.0,2.0,2570.0,2023.0,125.28793774319067
304462308,SALE,SOLD,2024-03-06,378440.0,133 MUSCADINE PASS,Homer Town,Banks,130119702001,34.362576,-83.490744,Single family,4.0,4.5,2189.0,2023.0,172.88259479214253
279853153,SALE,SOLD,2023-09-29,329990.0,198 SWEET BRIAR WAY,Homer Town,Banks,130119702001,34.362747,-83.49316,Single family,4.0,3.0,2570.0,2023.0,128.40077821011673
279835598,SALE,SOLD,2023-09-29,321246.0,165 SWEET BRIAR WAY,Homer Town,Banks,130119702001,34.362396,-83.493095,Single family,4.0,3.0,2570.0,2023.0,124.99844357976653
258219749,SALE,SOLD,2024-10-07,465000.0,1504 MCCOY BRIDGE RD,,Banks,130119702003,34.313961,-83.460264,Single family,4.0,3.0,2281.0,2021.0,203.85795703638755
258160986,SALE,SOLD,2024-05-20,391942.0,144 MUSCADINE PASS,Homer Town,Banks,130119702001,34.362576,-83.490744,Single family,3.0,2.5,1933.0,2023.0,202.76357992757372
258160986,SALE,SOLD,2023-12-04,371172.0,144 MUSCADINE PASS,Homer Town,Banks,130119702001,34.362576,-83.490744,Single family,3.0,2.5,1933.0,2023.0,192.01862390067254
199010942,SALE,SOLD,2023-08-31,329990.0,151 SWEET BRIAR WAY,Homer Town,Banks,130119702001,34.361122,-83.49286,Single family,4.0,3.0,2570.0,2023.0,128.40077821011673
198565033,SALE,SOLD,2023-04-26,347900.0,149 PEACHWOOD LN,Homer Town,Banks,130119702001,34.360763,-83.491618,Single family,4.0,3.0,2142.0,2023.0,162.41830065359477
198548606,SALE,SOLD,2023-06-22,379900.0,138 WILD TURKEY PASS,Homer Town,Banks,130119702001,34.36097,-83.49316,Single family,3.0,3.0,2283.0,2023.0,166.40385457731057
198277477,SALE,SOLD,2023-09-18,412900.0,6612 RIVER STATION DR,,Banks,130119703001,34.377724,-83.599625,Single family,4.0,3.5,2231.0,2022.0,185.0739578664276
198257998,SALE,SOLD,2024-04-12,446686.0,281 EAGLE HEIGHTS DR,,Banks,130119703003,34.30258,-83.544685,Single family,4.0,3.5,2721.0,2023.0,164.16244027930907
198111390,SALE,SOLD,2023-09-20,675000.0,2025 HIGHWAY 323,,Banks,130119703001,34.320471,-83.623187,Single family,4.0,3.0,2352.0,2022.0,286.98979591836735
197750107,SALE,SOLD,2023-05-19,385750.0,6595 RIVER STATION DR,,Banks,130119703001,34.377724,-83.599625,Single family,4.0,2.5,2577.0,2023.0,149.6895615056267
197280508,SALE,SOLD,2022-12-09,378900.0,6564 RIVER STATION DR,,Banks,130119703001,34.377724,-83.599625,Single family,4.0,2.5,2484.0,2022.0,152.53623188405797
197279929,SALE,SOLD,2022-12-09,369820.0,6571 RIVER STATION DR,,Banks,130119703001,34.377724,-83.599625,Single family,4.0,3.0,2068.0,2022.0,178.82978723404256
197262733,SALE,SOLD,2023-05-12,365900.0,6584 RIVER STATION DR,,Banks,130119703001,34.377724,-83.599625,Single family,4.0,2.5,2340.0,2022.0,156.36752136752136
181938553,SALE,SOLD,2023-06-26,685000.0,209 THOMPSON ST,Homer Town,Banks,130119702003,34.321736,-83.493606,Single family,3.0,3.5,1998.0,2020.0,342.84284284284286
160262721,SALE,SOLD,2024-08-15,390000.0,240 NEW IMAGE DR,,Banks,130119703001,34.4038,-83.648304,Single family,4.0,3.0,2385.0,2021.0,163.52201257861634
159871689,SALE,SOLD,2023-08-28,320000.0,136 BROOKSIDE PL,Lula City,Banks,130119703001,34.394717,-83.652401,Single family,4.0,3.0,1731.0,2020.0,184.86424032351243
127346545,SALE,SOLD,2023-06-26,367000.0,125 WILD TURKEY PASS,Homer Town,Banks,130119702001,34.362419,-83.491094,Single family,3.0,0.0,2181.0,2020.0,168.27143512150388
127346545,SALE,SOLD,2023-05-19,359000.0,125 WILD TURKEY PASS,Homer Town,Banks,130119702001,34.362419,-83.491094,Single family,3.0,0.0,2181.0,2020.0,164.6033929390188
82930080,SALE,SOLD,2024-10-18,387000.0,3071 CEDAR RIDGE RD,,Banks,130119702003,34.346494,-83.397749,Single family,4.0,4.5,2272.0,2021.0,170.33450704225353
80740526,SALE,SOLD,2023-06-02,399900.0,214 OAKWOOD DR,,Banks,130119704002,34.280782,-83.447935,Single family,4.0,3.0,2098.0,2020.0,190.61010486177312
64990619,SALE,SOLD,2023-02-23,345900.0,2038 HIGHWAY 63,,Banks,130119704001,34.22139,-83.38427,Single family,3.0,2.0,1504.0,2021.0,229.98670212765958
469284403,SALE,SOLD,2023-06-16,390000.0,898 MOUNTAIN RANCH RD,,Habersham,131370002033,34.688967,-83.496739,Single family,4.0,3.0,2132.0,2023.0,182.9268292682927
458598914,SALE,SOLD,2024-09-23,427500.0,321 WATERFORD CIR,,Habersham,131370006031,34.497195,-83.620915,Single family,4.0,3.0,2582.0,2021.0,165.5693261037955
453256137,SALE,SOLD,2024-05-31,269000.0,174 RIVENDELL RD,,Habersham,131370001003,34.6274222,-83.4392859,Single family,3.0,2.0,1560.0,2024.0,172.43589743589743
303608288,SALE,SOLD,2024-02-29,346770.0,300 MAGNOLIA VILLAS DR,Cornelia City,Habersham,131370006041,34.5044997,-83.5544939,Single family,4.0,3.5,2408.0,2024.0,144.00747508305648
213169129,SALE,SOLD,2023-11-21,285900.0,270 HARVEST CHURCH RD,,Habersham,131370002041,34.630534,-83.605093,Single family,3.0,2.0,1504.0,2023.0,190.09308510638297
213167787,SALE,SOLD,2023-10-31,299900.0,222 HARVEST CHURCH RD,,Habersham,131370002041,34.630534,-83.605093,Single family,3.0,2.0,1504.0,2023.0,199.40159574468086
197987645,SALE,SOLD,2023-09-29,379900.0,197 MAGNOLIA VILLAS DR,Cornelia City,Habersham,131370006041,34.504517,-83.55722,Single family,4.0,3.0,2604.0,2022.0,145.89093701996927
197987645,SALE,SOLD,2023-02-22,346400.0,197 MAGNOLIA VILLAS DR,Cornelia City,Habersham,131370006041,34.504517,-83.55722,Single family,4.0,3.0,2604.0,2022.0,133.02611367127497
197985714,SALE,SOLD,2023-01-24,315000.0,177 MAGNOLIA VILLAS DR,Cornelia City,Habersham,131370006041,34.5044,-83.55732,Single family,4.0,2.0,2030.0,2022.0,155.17241379310346
197978000,SALE,SOLD,2023-09-22,406490.0,824 BLOSSOM LN,Cornelia City,Habersham,131370006041,34.506741,-83.552716,Single family,4.0,2.5,2307.0,2023.0,176.19852622453402
197522631,SALE,SOLD,2023-02-26,479900.0,413 STERLING MEADOWS CT,,Habersham,131370005021,34.580043,-83.510352,Single family,3.0,3.5,2338.0,2021.0,205.26090675791275
197522631,SALE,SOLD,2023-02-16,479900.0,413 STERLING MEADOWS CT,,Habersham,131370005021,34.580043,-83.510352,Single family,3.0,3.5,2338.0,2021.0,205.26090675791275
197522550,SALE,SOLD,2023-05-02,375000.0,2498 HIGHWAY 115,,Habersham,131370002011,34.5940268,-83.5988888,Single family,4.0,3.5,2238.0,2022.0,167.5603217158177
197504841,SALE,SOLD,2022-11-17,368300.0,2660 HIGHWAY 115,,Habersham,131370002011,34.59465,-83.59769,Single family,4.0,3.5,2231.0,2022.0,165.08292245629764
159625544,SALE,SOLD,2023-03-31,530300.0,125 CREST WINDS DR,,Habersham,131370002041,34.62807,-83.583909,Single family,3.0,2.5,2124.0,2020.0,249.6704331450094
97424237,SALE,SOLD,2023-03-31,365000.0,442 ALTO MUD CREEK RD,,Habersham,131370006011,34.463734,-83.583912,Single family,4.0,4.5,2092.0,2020.0,174.47418738049714
90395363,SALE,SOLD,2023-05-15,825000.0,5372 HIGHWAY 17,,Habersham,131370002012,34.646921,-83.629602,Single family,4.0,4.0,3195.0,2021.0,258.21596244131456
88835010,SALE,SOLD,2022-12-15,301400.0,662 TROJAN LN,Baldwin City,Habersham,131370006012,34.487615,-83.587204,Single family,3.0,2.5,1921.0,2022.0,156.8974492451848
66366425,SALE,SOLD,2023-01-31,225000.0,373 FAIRVIEW SCHOOL RD,,Habersham,131370002012,34.591734,-83.609319,Single family,2.0,0.0,1396.0,2020.0,161.17478510028653
469278221,SALE,SOLD,2023-10-30,279900.0,262 HARVEST CHURCH RD,,Habersham,131370002041,34.629035,-83.605406,Single family,3.0,2.0,1488.0,2023.0,188.1048387096774
469277802,SALE,SOLD,2023-08-25,350000.0,111 SMITH CT,Clarkesville City,Habersham,131370003003,34.606924,-83.525562,Single family,2.0,2.0,1190.0,2022.0,294.11764705882354
456018809,SALE,SOLD,2024-09-27,400000.0,113 FEATHERWOOD DR,,Habersham,131370005023,34.541238,-83.553284,Single family,4.0,3.5,2252.0,2024.0,177.61989342806393
456018809,SALE,SOLD,2023-02-21,300000.0,113 FEATHERWOOD DR,,Habersham,131370005023,34.541238,-83.553284,Single family,4.0,3.5,2252.0,2024.0,133.21492007104797
455710346,SALE,SOLD,2024-09-11,320000.0,925 SMITH LOOP,,Habersham,131370006032,34.553627,-83.586403,Single family,3.0,2.0,1450.0,2024.0,220.68965517241378
455237925,SALE,SOLD,2024-09-20,384900.0,346 BLUE RIDGE AVE,Demorest City,Habersham,131370005022,34.5689188,-83.5441573,Single family,4.0,2.5,2103.0,2024.0,183.02425106990015
452654261,SALE,SOLD,2024-10-18,900000.0,172 SUMMER RD,,Habersham,131370002033,34.701654,-83.462993,Single family,4.0,5.5,3700.0,2024.0,243.24324324324326
434982097,SALE,SOLD,2024-02-22,377695.0,308 MAGNOLIA VILLAS DR,Cornelia City,Habersham,131370006041,34.505784,-83.552177,Single family,5.0,4.5,2709.0,2024.0,139.42229605020302
433515207,SALE,SOLD,2024-04-30,315900.0,3039 HIGHWAY 17,,Habersham,131370002041,34.627583,-83.60368,Single family,3.0,2.0,1504.0,2023.0,210.03989361702128
198308137,SALE,SOLD,2023-11-16,305000.0,236 TWIN RIVER RD,,Habersham,131370002011,34.569354,-83.615969,Single family,3.0,2.0,1680.0,2022.0,181.54761904761904
198308137,SALE,SOLD,2023-07-05,269900.0,236 TWIN RIVER RD,,Habersham,131370002011,34.569354,-83.615969,Single family,3.0,2.0,1680.0,2022.0,160.6547619047619
198308137,SALE,SOLD,2023-05-25,269900.0,236 TWIN RIVER RD,,Habersham,131370002011,34.569354,-83.615969,Single family,3.0,2.0,1680.0,2022.0,160.6547619047619
198187014,SALE,SOLD,2024-01-30,379695.0,714 PATHWAY CIR,Cornelia City,Habersham,131370006041,34.505923,-83.553044,Single family,5.0,3.5,2628.0,2023.0,144.48059360730593
197857448,SALE,SOLD,2023-06-02,285525.0,290 MAGNOLIA VILLAS DR,Cornelia City,Habersham,131370006041,34.5044997,-83.5544939,Single family,3.0,2.0,1522.0,2023.0,187.59855453350855
153890430,SALE,SOLD,2024-07-12,369900.0,2259 PEA RIDGE RD,,Habersham,131370006031,34.512217,-83.632375,Single family,4.0,4.5,2200.0,2020.0,168.13636363636363
118830262,SALE,SOLD,2023-09-08,349900.0,241 HUNTINGTON MANOR CT,,Habersham,131370005023,34.533526,-83.557969,Single family,4.0,2.5,2041.0,2020.0,171.43557079862813
118830262,SALE,SOLD,2023-04-07,303550.0,241 HUNTINGTON MANOR CT,,Habersham,131370005023,34.533526,-83.557969,Single family,4.0,2.5,2041.0,2020.0,148.72611464968153
109077098,SALE,SOLD,2023-09-05,675000.0,5240 HIGHWAY 17,,Habersham,131370002012,34.645493,-83.628687,Single family,4.0,3.0,2400.0,2020.0,281.25
88837360,SALE,SOLD,2024-01-31,305000.0,709 DAWN PL,Baldwin City,Habersham,131370006012,34.489611,-83.589923,Single family,3.0,2.0,1603.0,2022.0,190.268247036806
64921816,SALE,SOLD,2023-01-31,297600.0,731 DAWN PL,Baldwin City,Habersham,131370006012,34.489616,-83.590689,Single family,3.0,2.5,1921.0,2022.0,154.91931285788652
456266141,SALE,SOLD,2024-04-30,315900.0,3049 STATE HIGHWAY 17,,Habersham,131370002041,34.627422,-83.60493,Single family,3.0,2.0,1503.0,2024.0,210.17964071856287
452810496,SALE,SOLD,2024-08-23,365000.0,156 ORCHARD RESERVE DR # A65,Cornelia City,Habersham,131370006041,34.508923,-83.548847,Single family,3.0,3.0,1732.0,2022.0,210.7390300230947
301447508,SALE,SOLD,2024-02-29,345550.0,109 MAGNOLIA VILLAS DR,Cornelia City,Habersham,131370006041,34.504257,-83.55763,Single family,4.0,3.5,2131.0,2024.0,162.15391834819334
278578894,SALE,SOLD,2023-11-21,292500.0,910 LAKEVIEW HTS,,Habersham,131370004001,34.5299737,-83.514445,Single family,3.0,2.0,1425.0,2023.0,205.26315789473685
258209385,SALE,SOLD,2024-03-29,319900.0,414 HARVEST CHURCH RD,,Habersham,131370002041,34.632855,-83.604307,Single family,4.0,3.0,1806.0,2024.0,177.13178294573643
213371206,SALE,SOLD,2023-11-17,579900.0,2051 HIGHWAY 197 N,,Habersham,131370002034,34.6450865,-83.5327042,Single family,3.0,3.5,2893.0,2023.0,200.44936052540615
213342548,SALE,SOLD,2024-03-28,305900.0,406 HARVEST CHURCH RD,,Habersham,131370002041,34.6312802,-83.6048909,Single family,4.0,3.5,1571.0,2023.0,194.71674092934435
213185226,SALE,SOLD,2024-01-31,322520.0,704 PATHWAY CIR,Cornelia City,Habersham,131370006041,34.505802,-83.553046,Single family,3.0,2.0,1830.0,2023.0,176.24043715846994
198219073,SALE,SOLD,2023-09-01,745000.0,551 MOUNTAIN VIEW LN,,Habersham,131370001001,34.6465257,-83.4728223,Single family,4.0,4.5,3550.0,2023.0,209.85915492957747
197984396,SALE,SOLD,2023-01-27,325000.0,229 MAGNOLIA VILLAS DR,Cornelia City,Habersham,131370006041,34.504635,-83.55705,Single family,4.0,3.0,2316.0,2022.0,140.3281519861831
197505377,SALE,SOLD,2023-02-09,385300.0,663 WHEELER RD,,Habersham,131370002011,34.58994,-83.59969,Single family,4.0,3.5,2242.0,2022.0,171.85548617305977
197502958,SALE,SOLD,2023-02-10,353200.0,2474 HIGHWAY 115,,Habersham,131370002011,34.592903,-83.6004,Single family,4.0,2.5,2340.0,2022.0,150.94017094017093
74938065,SALE,SOLD,2024-08-29,262000.0,234 SOUTHGATE RD,,Habersham,131370006013,34.438976,-83.616817,Single family,3.0,2.0,1456.0,2022.0,179.94505494505495
70042212,SALE,SOLD,2023-01-20,215000.0,305 MARYLAND ST,Demorest City,Habersham,131370005023,34.564158,-83.536403,Single family,3.0,2.0,1248.0,2021.0,172.27564102564102
454077927,SALE,SOLD,2024-08-16,519000.0,575 WHISPERING DL,,Habersham,131370001002,34.717503,-83.454926,Single family,3.0,3.5,1550.0,2023.0,334.83870967741933
453484731,SALE,SOLD,2024-06-17,603000.0,312 DOUBLE SPRINGS RD,,Habersham,131370005022,34.562731,-83.573618,Single family,4.0,3.5,2718.0,2024.0,221.8543046357616
453484731,SALE,SOLD,2024-05-17,603000.0,312 DOUBLE SPRINGS RD,,Habersham,131370005022,34.562731,-83.573618,Single family,4.0,3.5,2718.0,2024.0,221.8543046357616
434428779,SALE,SOLD,2024-02-15,510000.0,15660 HIGHWAY 197 N,,Habersham,131370002032,34.7872203,-83.5770167,Single family,2.0,2.0,1318.0,2023.0,386.94992412746586
433524406,SALE,SOLD,2024-05-02,315900.0,3019 HIGHWAY 17,,Habersham,131370002012,34.62753,-83.6011,Single family,4.0,2.5,1571.0,2024.0,201.08211330362826
433524406,SALE,SOLD,2023-10-27,243700.0,3019 HIGHWAY 17,,Habersham,131370002012,34.62753,-83.6011,Single family,4.0,2.5,1571.0,2024.0,155.12412476129853
274894675,SALE,SOLD,2024-08-30,315900.0,526 HARVEST CHURCH RD,,Habersham,131370002041,34.6312802,-83.6048909,Single family,3.0,2.0,1504.0,2024.0,210.03989361702128
197833764,SALE,SOLD,2023-08-21,331171.0,187 FAIRVIEW MEADOWS DR,,Habersham,131370005022,34.58059,-83.57776,Single family,3.0,2.0,1500.0,2023.0,220.78066666666666
197520563,SALE,SOLD,2023-03-09,598500.0,417 SWEETGRASS DR,,Habersham,131370005021,34.567055,-83.515903,Single family,4.0,3.0,3110.0,2022.0,192.443729903537
83611187,SALE,SOLD,2023-06-30,1199000.0,234 ORCHARD DR,,Habersham,131370001002,34.699861,-83.448521,Single family,4.0,5.5,5843.0,2020.0,205.2028067773404
79416888,SALE,SOLD,2024-08-26,775000.0,360 ROLLING HILLS LN,,Habersham,131370003002,34.622364,-83.490953,Single family,5.0,3.0,2332.0,2022.0,332.3327615780446
79294717,SALE,SOLD,2023-06-28,41500.0,120 OLD STAGE COACH RD,,Habersham,131370001002,34.709191,-83.43722,Single family,2.0,2.0,988.0,2023.0,42.00404858299595
79294717,SALE,SOLD,2023-06-22,39900.0,120 OLD STAGE COACH RD,,Habersham,131370001002,34.709191,-83.43722,Single family,2.0,2.0,988.0,2023.0,40.38461538461539
78554950,SALE,SOLD,2023-01-31,300000.0,665 TROJAN LN,Baldwin City,Habersham,131370006012,34.48721,-83.587081,Single family,3.0,2.5,1921.0,2022.0,156.16866215512755
76871916,SALE,SOLD,2024-03-06,298000.0,215 HIGHLAND POINTE DR,Baldwin City,Habersham,131370006012,34.489163,-83.586995,Single family,3.0,3.5,1720.0,2021.0,173.25581395348837
71471587,SALE,SOLD,2023-07-14,375000.0,464 HUNTINGTON LN,,Habersham,131370005023,34.530717,-83.556781,Single family,3.0,3.5,2503.0,2020.0,149.82021574111067
455794288,SALE,SOLD,2024-06-14,310900.0,927 SMITH LOOP,,Habersham,131370006032,34.5539488,-83.5864514,Single family,4.0,2.0,1488.0,2024.0,208.93817204301075
455700267,SALE,SOLD,2024-08-21,320900.0,198 JIM THOMAS RD,,Habersham,131370002012,34.602459,-83.596571,Single family,4.0,3.0,1852.0,2024.0,173.27213822894169
455304674,SALE,SOLD,2024-06-07,319900.0,3029 HIGHWAY 17,,Habersham,131370002012,34.627594,-83.601135,Single family,4.0,3.0,1852.0,2024.0,172.73218142548595
434486256,SALE,SOLD,2024-07-12,334000.0,227 HILLANDALE ST,,Habersham,131370005012,34.525349,-83.519436,Single family,3.0,2.0,1800.0,2023.0,185.55555555555554
433509714,SALE,SOLD,2023-12-21,407500.0,215 WATERFORD CIR,,Habersham,131370006031,34.497211,-83.619166,Single family,4.0,3.0,2012.0,2021.0,202.5347912524851
198798246,SALE,SOLD,2023-07-31,650000.0,145 HOLLAND PIPPIN DR,,Habersham,131370001002,34.708971,-83.442131,Single family,3.0,2.0,2520.0,2023.0,257.93650793650795
198798246,SALE,SOLD,2023-03-20,599000.0,145 HOLLAND PIPPIN DR,,Habersham,131370001002,34.708971,-83.442131,Single family,3.0,2.0,2520.0,2023.0,237.6984126984127
198695494,SALE,SOLD,2024-06-04,415900.0,826 WILBANKS RD,,Habersham,131370006012,34.484219,-83.592097,Single family,4.0,4.5,2254.0,2022.0,184.5164152617569
198218477,SALE,SOLD,2023-09-13,625000.0,124 ROCKFORD FARM DR,,Habersham,131370001001,34.647644,-83.47153,Single family,3.0,3.5,2600.0,2023.0,240.3846153846154
197831356,SALE,SOLD,2023-09-22,339364.0,347 MEADOWLARK RDG,,Habersham,131370005022,34.58059,-83.57776,Single family,3.0,2.0,1500.0,2023.0,226.24266666666668
197504001,SALE,SOLD,2023-01-29,391500.0,631 WHEELER RD,,Habersham,131370002011,34.589985,-83.59985,Single family,4.0,2.5,2340.0,2022.0,167.30769230769232
197504001,SALE,SOLD,2023-01-19,391420.0,631 WHEELER RD,,Habersham,131370002011,34.589985,-83.59985,Single family,4.0,2.5,2340.0,2022.0,167.27350427350427
94109094,SALE,SOLD,2024-06-18,339000.0,199 ARBOR GATES DR,Cornelia City,Habersham,131370005012,34.515966,-83.516437,Single family,4.0,3.0,2100.0,2024.0,161.42857142857142
77458080,SALE,SOLD,2023-03-03,2076000.0,615 KELLY MOUNTAIN RD,,Habersham,131370002031,34.78655,-83.592094,Single family,3.0,4.0,2027.0,2021.0,1024.173655648742
77458080,SALE,SOLD,2023-02-22,12500.0,615 KELLY MOUNTAIN RD,,Habersham,131370002031,34.78655,-83.592094,Single family,3.0,4.0,2027.0,2021.0,6.166748889985199
77083030,SALE,SOLD,2024-09-10,310000.0,294 HIGHLAND POINTE DR,Baldwin City,Habersham,131370006012,34.490674,-83.58864,Single family,3.0,2.5,1696.0,2020.0,182.78301886792454
73604137,SALE,SOLD,2023-07-18,315000.0,749 DAWN PL,Baldwin City,Habersham,131370006012,34.489856,-83.591365,Single family,4.0,2.5,2131.0,2021.0,147.81792585640545
458262147,SALE,SOLD,2023-04-06,271000.0,106 INDIGO CIR,Homer Town,Banks,130119702001,34.365524,-83.496376,Single family,2.0,2.5,1582.0,2022.0,171.30214917825538
456632001,SALE,SOLD,2024-07-26,402001.0,123 GINGER TRL,Homer Town,Banks,130119702001,34.362576,-83.490744,Single family,5.0,3.5,2608.0,2024.0,154.14148773006136
456174382,SALE,SOLD,2024-07-09,565000.0,25B COMER ST,Maysville Town,Banks,130119703002,34.259457,-83.552841,Single family,3.0,3.0,2188.0,2020.0,258.22669104204755
455736371,SALE,SOLD,2024-10-02,449000.0,162 LITTLE LN,,Banks,130119701004,34.3954573,-83.6065892,Single family,4.0,3.0,3392.0,2024.0,132.37028301886792
452857711,SALE,SOLD,2024-05-03,495000.0,161 STERLING MEADOWS DR,,Habersham,131370005021,34.580505,-83.513891,Single family,4.0,3.5,2758.0,2022.0,179.4778825235678
451782721,SALE,SOLD,2024-03-29,397495.0,115 MUSCADINE PASS,Homer Town,Banks,130119702001,34.362576,-83.490744,Single family,5.0,3.5,2608.0,2024.0,152.41372699386503
434101157,SALE,SOLD,2023-10-25,321990.0,176 SWEET BRIAR WAY,Homer Town,Banks,130119702001,34.36256,-83.49301,Single family,3.0,2.0,1857.0,2023.0,173.39256865912762
433721764,SALE,SOLD,2023-11-21,332700.0,201 SWEET BRIAR WAY,Homer Town,Banks,130119702001,34.36257,-83.49356,Single family,3.0,2.0,1857.0,2023.0,179.1599353796446
304460915,SALE,SOLD,2024-07-25,397015.0,129 MUSCADINE PASS,Homer Town,Banks,130119702001,34.362576,-83.490744,Single family,4.0,3.5,2352.0,2023.0,168.79889455782313
198819594,SALE,SOLD,2023-10-17,328000.0,473 CHRISTMAS TREE RD,,Banks,130119702002,34.396835,-83.43359,Single family,3.0,2.0,2048.0,2022.0,160.15625
198819594,SALE,SOLD,2023-08-17,328000.0,473 CHRISTMAS TREE RD,,Banks,130119702002,34.396835,-83.43359,Single family,3.0,2.0,2048.0,2022.0,160.15625
198565131,SALE,SOLD,2023-06-02,379900.0,124 WILD TURKEY PASS,Homer Town,Banks,130119702001,34.361961,-83.491372,Single family,3.0,3.0,2283.0,2023.0,166.40385457731057
198560922,SALE,SOLD,2023-03-15,334850.0,192 SWEET BRIAR WAY,Homer Town,Banks,130119702001,34.361122,-83.49286,Single family,3.0,2.0,1700.0,2022.0,196.97058823529412
198111439,SALE,SOLD,2022-12-14,399500.0,348 SIMS HARRIS RD,,Banks,130119703001,34.327522,-83.626505,Single family,4.0,3.0,2555.0,2022.0,156.3600782778865
198111237,SALE,SOLD,2023-02-09,335000.0,188 SWEET BRIAR WAY,,Banks,130119702002,34.353695,-83.470612,Single family,3.0,2.0,1775.0,2023.0,188.73239436619718
198110944,SALE,SOLD,2023-09-13,340000.0,184 HILL ST,Homer Town,Banks,130119702004,34.336492,-83.507238,Single family,4.0,2.0,2080.0,2023.0,163.46153846153845
198110944,SALE,SOLD,2023-01-15,325000.0,184 HILL ST,Homer Town,Banks,130119702004,34.336492,-83.507238,Single family,4.0,2.0,2080.0,2023.0,156.25
198110775,SALE,SOLD,2024-06-05,368640.0,212 MAPLE DR,,Banks,130119704002,34.278287,-83.446424,Single family,3.0,2.0,1784.0,2022.0,206.63677130044843
198110775,SALE,SOLD,2024-04-01,360000.0,212 MAPLE DR,,Banks,130119704002,34.278287,-83.446424,Single family,3.0,2.0,1784.0,2022.0,201.79372197309416
198110774,SALE,SOLD,2024-03-15,379000.0,112 WHITE OAK TRL,,Banks,130119704002,34.277248,-83.447231,Single family,3.0,2.0,1711.0,2022.0,221.50789012273523
198110774,SALE,SOLD,2023-09-06,375000.0,112 WHITE OAK TRL,,Banks,130119704002,34.277248,-83.447231,Single family,3.0,2.0,1711.0,2022.0,219.17007597895966
197754009,SALE,SOLD,2023-07-31,373944.0,23 EAGLE HEIGHTS DR,,Banks,130119703003,34.30258,-83.544685,Single family,4.0,2.0,2100.0,2023.0,178.06857142857143
197753247,SALE,SOLD,2023-09-01,361900.0,6599 RIVER STATION DR,,Banks,130119703001,34.377724,-83.599625,Single family,4.0,2.5,2340.0,2022.0,154.65811965811966
197753247,SALE,SOLD,2023-02-28,405000.0,6599 RIVER STATION DR,,Banks,130119703001,34.377724,-83.599625,Single family,4.0,2.5,2340.0,2022.0,173.07692307692307
197751248,SALE,SOLD,2023-06-08,413420.0,6603 RIVER STATION DR,,Banks,130119703001,34.377724,-83.599625,Single family,4.0,2.5,2209.0,2023.0,187.15255771842462
197281613,SALE,SOLD,2024-10-04,410000.0,6523 RIVER STATION DR,,Banks,130119703001,34.377724,-83.599625,Single family,4.0,4.5,2252.0,2022.0,182.06039076376555
179039987,SALE,SOLD,2024-02-27,382000.0,228 OAKWOOD DR,,Banks,130119704002,34.28058,-83.449403,Single family,3.0,2.0,2181.0,2020.0,175.14901421366346
168172921,SALE,SOLD,2022-11-28,291000.0,124 WATERFORD RDG,Lula City,Banks,130119703001,34.393877,-83.651429,Single family,4.0,3.0,1731.0,2021.0,168.1109185441941
129139519,SALE,SOLD,2024-02-20,335000.0,164 WATERFORD GLEN DR,Lula City,Banks,130119703001,34.393966,-83.653658,Single family,4.0,3.0,1731.0,2021.0,193.52975158867707
95160286,SALE,SOLD,2024-04-22,590000.0,188 PEACHWOOD LN,Homer Town,Banks,130119702001,34.360662,-83.488309,Single family,4.0,4.0,3308.0,2021.0,178.35550181378477
87883165,SALE,SOLD,2023-10-24,393000.0,110 APPLEWOOD WAY,Homer Town,Banks,130119702001,34.362436,-83.491905,Single family,3.0,2.0,2011.0,2021.0,195.42516161113875
83574044,SALE,SOLD,2023-01-03,205000.0,594 SPRING RD,,Banks,130119701003,34.437195,-83.455187,Single family,2.0,2.0,1352.0,2022.0,151.62721893491124
68761078,SALE,SOLD,2024-03-19,470000.0,237 OAKWOOD DR,,Banks,130119704002,34.279063,-83.449827,Single family,4.0,4.0,2924.0,2021.0,160.7387140902873
453073255,SALE,SOLD,2024-06-28,285000.0,352 MINERAL SPRINGS TRL,,Habersham,131370002011,34.5755058,-83.6336906,Other,3.0,2.0,1483.0,2024.0,192.17801753202966
451641602,SALE,SOLD,2023-08-25,1875000.0,635 FOREST WAY,Cornelia City,Habersham,131370006041,34.505442,-83.55542,Other,3.0,2.0,1602.0,2024.0,1170.4119850187267
435126294,SALE,SOLD,2024-02-27,293550.0,643 OLD RIDGE RD,,Habersham,131370002011,34.5969073,-83.5758865,Other,3.0,2.0,1475.0,2024.0,199.01694915254237
274904559,SALE,SOLD,2023-08-29,245000.0,191 ALTO MUD CREEK RD,Alto Town,Habersham,131370006011,34.462939,-83.579281,Other,3.0,2.0,1475.0,2022.0,166.10169491525423
168377907,SALE,SOLD,2023-04-24,250000.0,3095 GAINESVILLE HWY,Raoul CDP,Habersham,131370006011,34.460839,-83.580901,Other,4.0,2.0,1736.0,2023.0,144.00921658986175
168377907,SALE,SOLD,2023-02-17,235000.0,3095 GAINESVILLE HWY,Raoul CDP,Habersham,131370006011,34.460839,-83.580901,Other,4.0,2.0,1736.0,2023.0,135.36866359447004
168377907,SALE,SOLD,2023-01-27,199900.0,3095 GAINESVILLE HWY,Raoul CDP,Habersham,131370006011,34.460839,-83.580901,Other,4.0,2.0,1736.0,2023.0,115.14976958525345
161597038,SALE,SOLD,2023-11-03,275000.0,637 OLD RIDGE RD,,Habersham,131370002011,34.598304,-83.577865,Other,3.0,2.0,1475.0,2023.0,186.4406779661017
85532417,SALE,SOLD,2022-12-14,275000.0,3311 DEMOREST MOUNT AIRY HWY,,Habersham,131370005021,34.564083,-83.527433,Other,3.0,1.0,14420.0,2023.0,19.070735090152567
460116908,SALE,SOLD,2024-04-01,342500.0,380 OLD PANTHER MILL TRL,,Habersham,131370001002,34.7120308,-83.4383823,Other,2.0,2.0,1080.0,2024.0,317.1296296296296
454026828,SALE,SOLD,2024-10-04,310000.0,515 DAY STAR LN,Mount Airy Town,Habersham,131370004003,34.5268208,-83.4760492,Other,3.0,2.0,1501.0,2024.0,206.52898067954698
213342203,SALE,SOLD,2023-12-28,295900.0,358 HARVEST CHURCH RD,,Habersham,131370002041,34.6312802,-83.6048909,Other,3.0,2.0,1504.0,2023.0,196.74202127659575
115435703,SALE,SOLD,2024-04-10,274900.0,3750 HIGHWAY 197,,Habersham,131370003001,34.578437,-83.491932,Other,3.0,2.0,1680.0,2021.0,163.63095238095238
86554592,SALE,SOLD,2024-05-20,262556.0,255 SOUTHGATE RD,,Habersham,131370006013,34.438297,-83.616239,Other,3.0,2.0,1456.0,2022.0,180.32692307692307
80169790,SALE,SOLD,2024-04-01,208000.0,220 HARDMAN RD,,Habersham,131370002034,34.646029,-83.531263,Other,3.0,2.5,2175.0,2023.0,95.63218390804597
77483560,SALE,SOLD,2024-05-28,255000.0,241 SOUTHGATE RD,,Habersham,131370006013,34.438704,-83.616203,Other,3.0,2.0,1456.0,2022.0,175.13736263736263
455887608,SALE,SOLD,2024-07-31,391800.0,128 APPLEWOOD WAY,Homer Town,Banks,130119702001,34.364086,-83.492757,Single family,3.0,3.5,1683.0,2024.0,232.79857397504458
453751721,SALE,SOLD,2024-07-08,295000.0,584 E COUNTY LINE RD,,Banks,130119704001,34.24315,-83.344495,Single family,3.0,2.0,1330.0,2023.0,221.8045112781955
451745602,SALE,SOLD,2024-07-19,224900.0,185 STONEPILE ST,Baldwin City,Banks,130119701002,34.489047,-83.5335319,Single family,2.0,1.0,888.0,2024.0,253.26576576576576
258176321,SALE,SOLD,2023-11-28,394840.0,146 MUSCADINE PASS,Homer Town,Banks,130119702001,34.362576,-83.490744,Single family,4.0,3.5,2352.0,2023.0,167.87414965986395
199110948,SALE,SOLD,2024-04-17,539000.0,133 SUMMER DR,,Banks,130119701003,34.437303,-83.446942,Single family,4.0,3.5,2880.0,2022.0,187.15277777777777
199110948,SALE,SOLD,2024-04-09,498000.0,133 SUMMER DR,,Banks,130119701003,34.437303,-83.446942,Single family,4.0,3.5,2880.0,2022.0,172.91666666666666
198614323,SALE,SOLD,2023-08-18,334990.0,163 SWEET BRIAR WAY,Homer Town,Banks,130119702001,34.361122,-83.49286,Single family,4.0,3.0,2570.0,2023.0,130.34630350194553
198567755,SALE,SOLD,2023-06-30,353000.0,140 WILD TURKEY PASS,Homer Town,Banks,130119702001,34.362324,-83.490527,Single family,3.0,2.0,1775.0,2023.0,198.8732394366197
198562632,SALE,SOLD,2023-02-23,345900.0,2038 HIGHWAY 63,,Banks,130119702003,34.341171,-83.399313,Single family,3.0,2.0,1504.0,2021.0,229.98670212765958
198561693,SALE,SOLD,2022-12-21,354900.0,517 CHRISTMAS TREE RD,,Banks,130119702002,34.397666,-83.433983,Single family,3.0,2.0,2045.0,2022.0,173.54523227383862
198548782,SALE,SOLD,2023-06-26,379900.0,132 WILD TURKEY PASS,Homer Town,Banks,130119702001,34.36097,-83.49316,Single family,3.0,3.0,2283.0,2023.0,166.40385457731057
198548782,SALE,SOLD,2023-06-15,379900.0,132 WILD TURKEY PASS,Homer Town,Banks,130119702001,34.36097,-83.49316,Single family,3.0,3.0,2283.0,2023.0,166.40385457731057
198548151,SALE,SOLD,2023-08-09,359900.0,134 WILD TURKEY PASS,Homer Town,Banks,130119702001,34.36097,-83.49316,Single family,3.0,2.0,1775.0,2023.0,202.7605633802817
198548151,SALE,SOLD,2023-07-21,359900.0,134 WILD TURKEY PASS,Homer Town,Banks,130119702001,34.36097,-83.49316,Single family,3.0,2.0,1775.0,2023.0,202.7605633802817
198547826,SALE,SOLD,2023-05-17,447810.0,143 PRESERVE LN,Homer Town,Banks,130119702001,34.35428,-83.48791,Single family,3.0,2.5,1933.0,2023.0,231.66580444904295
198111139,SALE,SOLD,2023-06-05,389000.0,184 SWEET BRIAR WAY,Homer Town,Banks,130119702001,34.364418,-83.493729,Single family,3.0,2.0,1646.0,2021.0,236.33049817739976
198111104,SALE,SOLD,2024-09-03,472000.0,180 SWEET BRIAR WAY,Homer Town,Banks,130119702001,34.364155,-83.493704,Single family,3.0,3.0,2576.0,2021.0,183.22981366459626
198110683,SALE,SOLD,2023-11-10,319900.0,124 MAGNOLIA PL,Homer Town,Banks,130119702001,34.364989,-83.495878,Single family,3.0,3.5,1662.0,2021.0,192.4789410348977
198110676,SALE,SOLD,2024-06-21,590000.0,287 MARSHBURN DR,,Banks,130119704002,34.330595,-83.437514,Single family,2.0,3.5,1680.0,2022.0,351.1904761904762
198110579,SALE,SOLD,2024-10-01,390000.0,177 MAPLE DR,,Banks,130119704002,34.278468,-83.443818,Single family,3.0,2.0,1728.0,2022.0,225.69444444444446
197798561,SALE,SOLD,2023-03-09,399900.0,147 PEACHWOOD LN,Homer Town,Banks,130119702001,34.36076,-83.491627,Single family,4.0,3.0,2694.0,2023.0,148.44097995545658
197282028,SALE,SOLD,2024-08-09,400000.0,176 HILL ST,Homer Town,Banks,130119702004,34.33746,-83.50622,Single family,4.0,3.0,2039.0,2022.0,196.174595389897
197279702,SALE,SOLD,2023-01-27,391420.0,6580 RIVER STATION DR,,Banks,130119703001,34.377724,-83.599625,Single family,4.0,3.5,2252.0,2022.0,173.80994671403198
197260311,SALE,SOLD,2023-04-20,375400.0,6587 RIVER STATION DR,,Banks,130119703001,34.377724,-83.599625,Single family,4.0,3.0,2107.0,2023.0,178.16801139060274
162075632,SALE,SOLD,2024-03-07,334000.0,109 EVANS ST,Homer Town,Banks,130119702003,34.330741,-83.497075,Single family,2.0,2.0,1735.0,2020.0,192.50720461095102
158017839,SALE,SOLD,2023-12-13,150000.0,3558 OLD HIGHWAY 441 N,,Banks,130119701001,34.410489,-83.496084,Single family,0.0,1.0,1768.0,2021.0,84.84162895927602
136747826,SALE,SOLD,2024-06-17,405000.0,186 OAKWOOD DR,,Banks,130119704002,34.281421,-83.447051,Single family,4.0,3.0,2070.0,2020.0,195.65217391304347
130265672,SALE,SOLD,2024-05-21,465000.0,152 WILD TURKEY PASS,Homer Town,Banks,130119702001,34.363058,-83.489582,Single family,3.0,3.0,3051.0,2021.0,152.40904621435595
130265672,SALE,SOLD,2024-04-30,465000.0,152 WILD TURKEY PASS,Homer Town,Banks,130119702001,34.363058,-83.489582,Single family,3.0,3.0,3051.0,2021.0,152.40904621435595
130265672,SALE,SOLD,2023-04-13,399999.0,152 WILD TURKEY PASS,Homer Town,Banks,130119702001,34.363058,-83.489582,Single family,3.0,3.0,3051.0,2021.0,131.10422812192724
122831200,SALE,SOLD,2023-03-14,415000.0,213 DEL RAY DR,Maysville Town,Banks,130119703002,34.268314,-83.535809,Single family,3.0,3.0,2300.0,2022.0,180.43478260869566
113489543,SALE,SOLD,2023-03-24,288000.0,168 WATERFORD GLEN DR,Lula City,Banks,130119703001,34.393978,-83.653396,Single family,4.0,3.0,1750.0,2021.0,164.57142857142858
70499676,SALE,SOLD,2024-07-12,510000.0,163 PEACHWOOD LN,Homer Town,Banks,130119702001,34.36141,-83.489988,Single family,4.0,3.5,2214.0,2021.0,230.35230352303523
453573919,SALE,SOLD,2024-10-18,579000.0,114 PLANTERS POINTE CT,Baldwin City,Banks,130119701002,34.458179,-83.543676,Single family,4.0,3.0,2870.0,2024.0,201.74216027874564
453229109,SALE,SOLD,2023-02-03,385000.0,113 PEACHWOOD LN,Homer Town,Banks,130119702001,34.359893,-83.492901,Single family,4.0,3.0,2528.0,2022.0,152.29430379746836
303620040,SALE,SOLD,2023-10-31,382490.0,172 SWEET BRIAR WAY,Homer Town,Banks,130119702001,34.362545,-83.49291,Single family,4.0,2.0,2570.0,2023.0,148.82879377431905
258175632,SALE,SOLD,2023-12-07,364909.0,138 MUSCADINE PASS,Homer Town,Banks,130119702001,34.362576,-83.490744,Single family,4.0,3.5,2189.0,2023.0,166.7012334399269
217498224,SALE,SOLD,2022-12-13,361895.0,208 HACKBERRY AVE,,Banks,130119704002,34.281967,-83.454636,Single family,4.0,3.0,2802.0,2022.0,129.15596002855102
198565059,SALE,SOLD,2023-04-27,359900.0,128 WILD TURKEY PASS,Homer Town,Banks,130119702001,34.362033,-83.491199,Single family,3.0,2.0,1775.0,2023.0,202.7605633802817
198430226,SALE,SOLD,2023-03-30,339000.0,162 FINLEY DR,,Banks,130119704002,34.281967,-83.454636,Single family,4.0,2.5,2138.0,2022.0,158.55940130963518
198110946,SALE,SOLD,2022-12-15,349000.0,190 HILL ST,Homer Town,Banks,130119702004,34.336089,-83.507252,Single family,3.0,2.0,1898.0,2022.0,183.87776606954688
197975828,SALE,SOLD,2023-06-01,399900.0,728 WESTCREST LN,,Habersham,131370005023,34.531481,-83.556849,Condo,4.0,4.0,2619.0,2022.0,152.69186712485683
197672371,SALE,SOLD,2023-09-08,57500.0,626 DAN WATERS RD,,Banks,130119704001,34.210476,-83.41941,Single family,5.0,3.0,2700.0,2022.0,21.296296296296298
197280797,SALE,SOLD,2022-12-19,350000.0,137 BANKS HIGHLAND DR,Baldwin City,Banks,130119701002,34.477028,-83.551704,Single family,3.0,2.0,1706.0,2022.0,205.15826494724502
197134246,SALE,SOLD,2023-02-17,367900.0,455 STONINGTON DR,,Habersham,131370001001,34.611894,-83.433399,Condo,3.0,2.0,1667.0,2022.0,220.69586082783442
172164566,SALE,SOLD,2024-06-10,515000.0,137 PRESERVE LN,Homer Town,Banks,130119702001,34.35569,-83.486155,Single family,3.0,2.0,2000.0,2020.0,257.5
160740771,SALE,SOLD,2023-04-10,529000.0,105 PRESERVE LN,Homer Town,Banks,130119702001,34.354627,-83.488164,Single family,4.0,3.0,3294.0,2020.0,160.59502125075895
160740771,SALE,SOLD,2023-03-30,529000.0,105 PRESERVE LN,Homer Town,Banks,130119702001,34.354627,-83.488164,Single family,4.0,3.0,3294.0,2020.0,160.59502125075895
125693574,SALE,SOLD,2023-08-29,271806.0,123 WATERFORD RDG,Lula City,Banks,130119703001,34.393356,-83.651377,Single family,3.0,0.0,1731.0,2020.0,157.02253032928942
118326582,SALE,SOLD,2024-07-22,420000.0,132 HIGHWAY 326,,Banks,130119704001,34.217549,-83.422298,Single family,4.0,3.0,2335.0,2020.0,179.87152034261243
109709037,SALE,SOLD,2024-09-30,465000.0,159 HONEY DEW LN,,Banks,130119702002,34.376973,-83.467921,Single family,3.0,2.0,2188.0,2020.0,212.52285191956125
67355110,SALE,SOLD,2023-11-01,470000.0,2036 HIGHWAY 63,,Banks,130119702003,34.343522,-83.398765,Single family,4.0,3.0,2324.0,2021.0,202.23752151462995
63782887,SALE,SOLD,2024-02-02,436000.0,112 APPLEWOOD WAY,Homer Town,Banks,130119702001,34.362671,-83.492043,Single family,4.0,2.5,2208.0,2021.0,197.46376811594203
456023021,SALE,SOLD,2024-07-26,269900.0,231 LAWRENCE ST,,Habersham,131370005011,34.53362,-83.51636,Other,3.0,2.0,1506.0,2024.0,179.2164674634794
456023021,SALE,SOLD,2024-01-09,130000.0,231 LAWRENCE ST,,Habersham,131370005011,34.53362,-83.51636,Other,3.0,2.0,1506.0,2024.0,86.32138114209828
453279669,SALE,SOLD,2024-05-15,279615.0,104 GREENVIEW CT,Homer Town,Banks,130119702001,34.362576,-83.490744,Townhouse,3.0,3.5,1384.0,2023.0,202.03395953757226
452815655,SALE,SOLD,2022-12-27,1897100.0,601 PARKVIEW CT # D67,Cornelia City,Habersham,131370006041,34.509395,-83.549017,Townhouse,2.0,2.0,840.0,2022.0,2258.4523809523807
452813554,SALE,SOLD,2022-12-27,1897100.0,601 PARKVIEW CT # A70,Cornelia City,Habersham,131370006041,34.509395,-83.549017,Townhouse,2.0,2.0,840.0,2022.0,2258.4523809523807
452813416,SALE,SOLD,2022-12-27,209900.0,501 APPLE JACK CT # C10,Cornelia City,Habersham,131370006041,34.509382,-83.549461,Townhouse,2.0,2.0,840.0,2022.0,249.88095238095238
452812538,SALE,SOLD,2022-12-27,1897100.0,601 PARKVIEW CT # C68,Cornelia City,Habersham,131370006041,34.509395,-83.549017,Townhouse,2.0,2.0,840.0,2022.0,2258.4523809523807
452809553,SALE,SOLD,2022-12-27,1897100.0,502 APPLE JACK CT # C14,Cornelia City,Habersham,131370006041,34.509289,-83.54942,Townhouse,2.0,2.0,840.0,2022.0,2258.4523809523807
452809496,SALE,SOLD,2022-12-27,1897100.0,502 APPLE JACK CT # B15,Cornelia City,Habersham,131370006041,34.509289,-83.54942,Townhouse,2.0,2.0,840.0,2022.0,2258.4523809523807
452809495,SALE,SOLD,2023-04-14,200000.0,701 PONDVIEW CT # A20,Cornelia City,Habersham,131370006041,34.508838,-83.549176,Townhouse,2.0,2.0,840.0,2022.0,238.0952380952381
451572482,SALE,SOLD,2024-04-17,300000.0,639 OLD RIDGE RD,,Habersham,131370002011,34.597772,-83.574891,Other,3.0,2.0,1475.0,2024.0,203.38983050847457
451478059,SALE,SOLD,2024-04-08,219900.0,301 AUTUMN SPRINGS CT # D1,Cornelia City,Habersham,131370006041,34.509933,-83.549736,Townhouse,2.0,2.0,840.0,2022.0,261.7857142857143
434989078,SALE,SOLD,2023-12-21,306999.0,121 CHASE XING,,Habersham,131370005011,34.537872,-83.5192,Townhouse,3.0,3.5,1807.0,2023.0,169.89429994465965
434986422,SALE,SOLD,2023-12-22,306999.0,117 CHASE XING,,Habersham,131370005011,34.537872,-83.5192,Townhouse,3.0,3.5,1807.0,2023.0,169.89429994465965
434986350,SALE,SOLD,2023-12-22,316999.0,123 CHASE XING,,Habersham,131370005011,34.537872,-83.5192,Townhouse,3.0,3.5,1807.0,2023.0,175.42833425567238
434336825,SALE,SOLD,2023-12-22,306999.0,119 CHASE XING,,Habersham,131370005011,34.539284,-83.529465,Townhouse,3.0,3.0,1807.0,2023.0,169.89429994465965
279949873,SALE,SOLD,2023-12-21,324999.0,116 MCALLISTER RD,,Habersham,131370005011,34.537874,-83.519202,Townhouse,4.0,2.5,1807.0,2023.0,179.85556170448257
279949550,SALE,SOLD,2023-12-21,314999.0,114 MCALLISTER RD,,Habersham,131370005011,34.537874,-83.519202,Townhouse,3.0,2.5,1807.0,2023.0,174.32152739346984
278556630,SALE,SOLD,2023-05-30,386100.0,616 SKYE DR,,Habersham,131370005023,34.531433,-83.55704,Condo,4.0,4.0,2619.0,2023.0,147.42268041237114
216798937,SALE,SOLD,2022-12-27,1897100.0,601 PARKVIEW CT # B69,,Habersham,131370006032,34.516567,-83.57772,Townhouse,2.0,0.0,857.0,2022.0,2213.6522753792296
216615142,SALE,SOLD,2022-12-27,1897100.0,502 APPLE JACK CT # A16,,Habersham,131370006032,34.516567,-83.57772,Townhouse,2.0,2.0,857.0,2022.0,2213.6522753792296
216466673,SALE,SOLD,2022-12-27,1897100.0,601 PARKVIEW CT # E66,Cornelia City,Habersham,131370006041,34.509388,-83.549013,Townhouse,2.0,2.0,800.0,2022.0,2371.375
213246844,SALE,SOLD,2023-09-29,321246.0,165 SWEET BRIAR WAY,Homer Town,Banks,130119702001,34.3618169,-83.4927418,Condo,4.0,3.0,2570.0,2023.0,124.99844357976653
199031372,SALE,SOLD,2023-12-21,324999.0,116 MCALLISTER RD,,Habersham,131370005021,34.5391766,-83.5154652,Townhouse,4.0,3.0,1807.0,2023.0,179.85556170448257
199030523,SALE,SOLD,2023-12-26,314999.0,112 MCALLISTER RD,,Habersham,131370005021,34.5391766,-83.5154652,Townhouse,3.0,3.0,1807.0,2023.0,174.32152739346984
199030155,SALE,SOLD,2023-12-21,314999.0,114 MCALLISTER RD,,Habersham,131370005021,34.5391766,-83.5154652,Townhouse,3.0,3.0,1807.0,2023.0,174.32152739346984
199025846,SALE,SOLD,2023-12-21,324999.0,110 MCALLISTER RD,,Habersham,131370005021,34.5391766,-83.5154652,Townhouse,3.0,3.0,1807.0,2023.0,179.85556170448257
199025287,SALE,SOLD,2023-12-21,324999.0,110 MCALLISTER RD,,Habersham,131370005011,34.537874,-83.519202,Townhouse,3.0,2.5,1807.0,2023.0,179.85556170448257
198695510,SALE,SOLD,2024-04-25,310000.0,214 OLD CLARKESVILLE MILL RD,Clarkesville City,Habersham,131370003002,34.620916,-83.520135,Townhouse,2.0,2.0,1528.0,2021.0,202.87958115183247
198695406,SALE,SOLD,2024-04-25,310000.0,214 OLD CLARKESVILLE MILL RD,Clarkesville City,Habersham,131370003002,34.620916,-83.520135,Townhouse,2.0,2.0,1528.0,2021.0,202.87958115183247
198612461,SALE,SOLD,2023-08-04,349830.0,197 SWEET BRIAR WAY,Homer Town,Banks,130119702001,34.363892,-83.494019,Condo,4.0,2.5,2802.0,2023.0,124.85010706638116
198564952,SALE,SOLD,2023-06-07,369990.0,129 PEACHWOOD LN,Homer Town,Banks,130119702001,34.360271,-83.492449,Condo,4.0,3.0,2767.0,2022.0,133.71521503433323
198563563,SALE,SOLD,2022-12-29,435000.0,130 PEACHWOOD LN,Homer Town,Banks,130119702001,34.360229,-83.492102,Condo,4.0,4.5,3115.0,2022.0,139.64686998394865
198563529,SALE,SOLD,2023-02-22,412350.0,107 SWEET BRIAR WAY,Homer Town,Banks,130119702001,34.361122,-83.49286,Condo,4.0,3.5,3115.0,2022.0,132.3756019261637
198561902,SALE,SOLD,2023-04-10,359990.0,125 PEACHWOOD LN,Homer Town,Banks,130119702001,34.360306,-83.49106,Condo,4.0,3.0,2438.0,2022.0,147.65791632485644
198561721,SALE,SOLD,2024-02-26,312000.0,126 MAGNOLIA PL,Homer Town,Banks,130119702001,34.365167,-83.495778,Townhouse,3.0,3.5,1662.0,2021.0,187.72563176895306
198561721,SALE,SOLD,2022-11-16,291000.0,126 MAGNOLIA PL,Homer Town,Banks,130119702001,34.365167,-83.495778,Townhouse,3.0,3.5,1662.0,2021.0,175.09025270758121
198560036,SALE,SOLD,2023-02-03,385000.0,113 PEACHWOOD LN,Homer Town,Banks,130119702001,34.359897,-83.492948,Condo,4.0,3.0,2438.0,2022.0,157.9163248564397
198547188,SALE,SOLD,2023-06-12,366490.0,117 SWEET BRIAR WAY,Homer Town,Banks,130119702001,34.361122,-83.49286,Condo,4.0,2.5,2767.0,2022.0,132.45030719190459
198515350,SALE,SOLD,2023-04-20,450000.0,122 PEACHWOOD LN,Homer Town,Banks,130119702001,34.359878,-83.492336,Condo,4.0,4.5,2767.0,2022.0,162.63100831225154
198397334,SALE,SOLD,2023-03-30,339900.0,162 FINLEY DR,,Banks,130119704002,34.281967,-83.454636,Condo,4.0,2.5,2138.0,2022.0,158.9803554724041
197996338,SALE,SOLD,2023-06-23,402100.0,612 SKYE DR,,Habersham,131370005023,34.531435,-83.55704,Condo,4.0,4.0,2619.0,2023.0,153.53188239786178
197987653,SALE,SOLD,2022-12-28,299000.0,832 WINSCAPE LN,,Habersham,131370005023,34.531868,-83.5563,Condo,3.0,3.5,1742.0,2022.0,171.6417910447761
197820567,SALE,SOLD,2023-03-10,274900.0,148 WATERFORD GLEN DR,Lula City,Banks,130119703001,34.393997,-83.6547,Condo,4.0,3.0,1750.0,2023.0,157.0857142857143
197819019,SALE,SOLD,2023-03-10,274900.0,110 WATERFORD RDG,Lula City,Banks,130119703001,34.393726,-83.650116,Condo,4.0,3.0,1750.0,2022.0,157.0857142857143
197777780,SALE,SOLD,2023-03-06,274900.0,114 BROOKSIDE CT,Lula City,Banks,130119703001,34.393864,-83.649826,Condo,3.0,2.0,1750.0,2021.0,157.0857142857143
197680036,SALE,SOLD,2023-02-28,274900.0,115 BROOKSIDE CT,Lula City,Banks,130119703001,34.393864,-83.649826,Condo,4.0,3.0,1750.0,2022.0,157.0857142857143
197440737,SALE,SOLD,2024-05-31,340000.0,119 WATERFORD GLEN CT,Lula City,Banks,130119703001,34.393248,-83.65602,Condo,4.0,3.0,1750.0,2023.0,194.28571428571428
197440737,SALE,SOLD,2023-05-25,274900.0,119 WATERFORD GLEN CT,Lula City,Banks,130119703001,34.393248,-83.65602,Condo,4.0,3.0,1750.0,2023.0,157.0857142857143
197417102,SALE,SOLD,2023-05-25,274900.0,119 WATERFORD GLEN CT,Lula City,Banks,130119703001,34.3947636,-83.6560779,Condo,4.0,3.0,1750.0,2023.0,157.0857142857143
197262352,SALE,SOLD,2023-03-10,274900.0,110 WATERFORD RDG,Lula City,Banks,130119703001,34.393871,-83.650621,Condo,4.0,3.0,1750.0,2022.0,157.0857142857143
197260738,SALE,SOLD,2023-03-10,274900.0,148 WATERFORD GLEN DR,Lula City,Banks,130119703001,34.393851,-83.655093,Condo,4.0,3.0,1750.0,2023.0,157.0857142857143
197260451,SALE,SOLD,2023-03-06,274900.0,114 BROOKSIDE CT,Lula City,Banks,130119703001,34.394127,-83.648729,Condo,3.0,2.0,1750.0,2021.0,157.0857142857143
197259754,SALE,SOLD,2023-02-28,274900.0,115 BROOKSIDE CT,Lula City,Banks,130119703001,34.394366,-83.648813,Condo,4.0,3.0,1750.0,2022.0,157.0857142857143
197162132,SALE,SOLD,2023-01-30,370000.0,458 STONINGTON DR,,Habersham,131370001001,34.612525,-83.432757,Condo,3.0,2.5,1761.0,2022.0,210.10789324247585
197138079,SALE,SOLD,2023-01-30,370000.0,458 STONINGTON DR,,Habersham,131370001001,34.612278,-83.4334,Condo,3.0,2.5,1761.0,2022.0,210.10789324247585
469281793,SALE,SOLD,2023-04-04,229900.0,152 BECK RD,,Habersham,131370004004,34.543182,-83.47356,Other,3.0,2.0,1456.0,2022.0,157.89835164835165
453405365,SALE,SOLD,2024-08-26,775000.0,365 ROLLING HILLS LN,,Habersham,131370003002,34.621577,-83.491574,Other,5.0,3.0,4664.0,2022.0,166.1663807890223
453254898,SALE,SOLD,2024-05-06,265000.0,158 RIVENDELL RD,,Habersham,131370001003,34.6274222,-83.4392859,Other,3.0,2.0,1560.0,2024.0,169.87179487179486
451522076,SALE,SOLD,2024-03-27,219900.0,301 AUTUMN SPRINGS CT UNIT D1,Cornelia City,Habersham,131370006041,34.509933,-83.549739,Other,2.0,2.0,840.0,2022.0,261.7857142857143
279890917,SALE,SOLD,2024-01-02,229900.0,2013 BUCKHORN RD,,Habersham,131370001001,34.66136,-83.4583,Other,3.0,2.0,1568.0,2023.0,146.61989795918367
213342091,SALE,SOLD,2024-05-08,319900.0,382 HARVEST CHURCH RD,,Habersham,131370002041,34.6312802,-83.6048909,Other,4.0,3.0,1806.0,2023.0,177.13178294573643
198413336,SALE,SOLD,2023-08-31,650000.0,373 MCINTOSH RD,,Habersham,131370001002,34.708697,-83.459218,Other,3.0,2.5,2161.0,2023.0,300.7866728366497
197836650,SALE,SOLD,2023-02-22,224000.0,3630 NEW LIBERTY RD,,Habersham,131370002034,34.669834,-83.49281,Other,3.0,2.0,1568.0,2022.0,142.85714285714286
153352268,SALE,SOLD,2024-01-30,100000.0,982 WIND DANCE CT,,Habersham,131370005021,34.574343,-83.516338,Other,4.0,3.5,2963.0,2024.0,33.74957813027337
136877899,SALE,SOLD,2023-12-27,329000.0,270 N HAZEL AVE,Demorest City,Habersham,131370005022,34.567829,-83.543516,Other,3.0,2.5,1650.0,2023.0,199.3939393939394
99000263,SALE,SOLD,2022-12-09,200000.0,146 HARRISON TRL,,Habersham,131370006013,34.459679,-83.633228,Other,3.0,2.0,1456.0,2023.0,137.36263736263737
90608944,SALE,SOLD,2023-11-14,245900.0,526 DONALD CLEVELAND RD,,Habersham,131370003001,34.582635,-83.501984,Other,3.0,2.0,1568.0,2023.0,156.82397959183675
90608944,SALE,SOLD,2023-05-18,86500.0,526 DONALD CLEVELAND RD,,Habersham,131370003001,34.582635,-83.501984,Other,3.0,2.0,1568.0,2023.0,55.16581632653061
81990589,SALE,SOLD,2024-04-12,239900.0,851 HIGHWAY 17,,Habersham,131370002041,34.616071,-83.570117,Other,3.0,2.0,1369.0,2024.0,175.2373995617239
81990589,SALE,SOLD,2023-09-28,30000.0,851 HIGHWAY 17,,Habersham,131370002041,34.616071,-83.570117,Other,3.0,2.0,1369.0,2024.0,21.91380569758948
65086411,SALE,SOLD,2023-07-06,400000.0,1032 SOAPSTONE DR,,Habersham,131370005023,34.53543,-83.549221,Other,4.0,2.0,2022.0,2021.0,197.82393669634027
460320628,SALE,SOLD,2024-10-03,291000.0,209 HONEY DEW LN,,Banks,130119702002,34.378673,-83.465825,Other,3.0,2.0,2176.0,2022.0,133.7316176470588
453458906,SALE,SOLD,2024-05-17,285000.0,165 DYER RD,,Banks,130119703001,34.350054,-83.599674,Other,3.0,2.0,1475.0,2024.0,193.22033898305085
453373860,SALE,SOLD,2024-05-15,279615.0,104 GREENVIEW CT,Homer Town,Banks,130119702001,34.362576,-83.490744,Other,3.0,2.5,1384.0,2023.0,202.03395953757226
452128472,SALE,SOLD,2024-05-07,629900.0,525 CHRISTMAS TREE RD,,Banks,130119702002,34.395622,-83.429905,Other,4.0,4.0,2861.0,2024.0,220.1677735057672
452128472,SALE,SOLD,2023-05-03,60000.0,525 CHRISTMAS TREE RD,,Banks,130119702002,34.395622,-83.429905,Other,4.0,4.0,2861.0,2024.0,20.971688220901783
451868401,SALE,SOLD,2024-05-31,340000.0,119 WATERFORD GLEN CT,Lula City,Banks,130119703001,34.39382,-83.65519,Other,4.0,3.0,1750.0,2023.0,194.28571428571428
435175169,SALE,SOLD,2024-06-18,370600.0,123 MUSCADINE PASS,Homer Town,Banks,130119702001,34.363136,-83.491763,Other,3.0,2.5,1933.0,2024.0,191.722710812209
435175169,SALE,SOLD,2023-03-02,375000.0,123 MUSCADINE PASS,Homer Town,Banks,130119702001,34.363136,-83.491763,Other,3.0,2.5,1933.0,2024.0,193.99896533885152
304460703,SALE,SOLD,2024-06-20,347605.0,137 MUSCADINE PASS,Homer Town,Banks,130119702001,34.362576,-83.490744,Other,3.0,2.5,1683.0,2023.0,206.53891859774214
278553473,SALE,SOLD,2023-11-30,450000.0,116 PEACHWOOD LN,Homer Town,Banks,130119702001,34.359706,-83.492602,Other,4.0,3.5,2214.0,2023.0,203.2520325203252
278553473,SALE,SOLD,2023-08-25,182000.0,116 PEACHWOOD LN,Homer Town,Banks,130119702001,34.359706,-83.492602,Other,4.0,3.5,2214.0,2023.0,82.20415537488708
258170570,SALE,SOLD,2024-06-07,502752.0,140 PRESERVE LN,Homer Town,Banks,130119702001,34.3540045,-83.4876946,Other,4.0,3.5,2344.0,2023.0,214.48464163822527
199011948,SALE,SOLD,2024-06-20,279810.0,114 GREENVIEW CT,Homer Town,Banks,130119702001,34.362576,-83.490744,Other,3.0,2.5,1296.0,2023.0,215.90277777777777
199011948,SALE,SOLD,2022-12-29,890000.0,114 GREENVIEW CT,Homer Town,Banks,130119702001,34.362576,-83.490744,Other,3.0,2.5,1296.0,2023.0,686.7283950617284
199011935,SALE,SOLD,2023-12-27,295990.0,116 GREENVIEW CT,Homer Town,Banks,130119702001,34.362576,-83.490744,Other,3.0,2.5,1384.0,2023.0,213.86560693641619
198548832,SALE,SOLD,2024-06-27,512725.0,146 PRESERVE LN,Homer Town,Banks,130119702001,34.35428,-83.48791,Other,5.0,3.5,2608.0,2023.0,196.597009202454
198111143,SALE,SOLD,2023-08-15,297500.0,110 MAGNOLIA PL,Homer Town,Banks,130119702001,34.364477,-83.495634,Other,3.0,2.5,1662.0,2021.0,179.00120336943442
137549976,SALE,SOLD,2023-02-27,190000.0,106 RIVERBEND LN,,Banks,130119704001,34.258291,-83.342565,Other,3.0,2.0,1216.0,2020.0,156.25
123402448,SALE,SOLD,2023-12-06,420000.0,282 CROWE RD,,Banks,130119702002,34.374769,-83.411179,Other,3.0,2.0,2562.0,2020.0,163.9344262295082
469280064,SALE,SOLD,2023-05-30,234000.0,3191 GAINESVILLE HWY,Raoul CDP,Habersham,131370006011,34.461672,-83.580015,Other,3.0,2.0,1378.0,2023.0,169.81132075471697
456096322,SALE,SOLD,2024-04-01,1350000.0,538 WAUKA DR,Demorest City,Habersham,131370005022,34.562672,-83.5537754,Other,5.0,4.0,3900.0,2024.0,346.15384615384613
455759261,SALE,SOLD,2024-08-08,214000.0,196 MIDLAND CT,,Habersham,131370001002,34.661911,-83.444122,Other,3.0,2.0,1150.0,2024.0,186.08695652173913
279889606,SALE,SOLD,2023-12-14,236000.0,2007 BUCKHORN RD,,Habersham,131370001001,34.661457,-83.45819,Other,3.0,2.0,1568.0,2023.0,150.51020408163265
177394489,SALE,SOLD,2024-01-19,655000.0,251 SWEETGRASS DR,,Habersham,131370005021,34.571696,-83.515829,Other,4.0,3.0,3142.0,2023.0,208.46594525779759
177394489,SALE,SOLD,2023-03-29,100000.0,251 SWEETGRASS DR,,Habersham,131370005021,34.571696,-83.515829,Other,4.0,3.0,3142.0,2023.0,31.826861871419478
176517638,SALE,SOLD,2024-04-22,220000.0,318 HARRISON TRL,,Habersham,131370006013,34.457766,-83.632933,Other,2.0,2.0,1200.0,2021.0,183.33333333333334
111838699,SALE,SOLD,2024-06-14,260000.0,1460 HOLLYWOOD CHURCH RD,,Habersham,131370001001,34.662894,-83.469966,Other,3.0,2.0,1389.0,2022.0,187.18502519798417
451747878,SALE,SOLD,2024-03-25,318000.0,606 CYPRESS DR,Mount Airy Town,Habersham,131370004003,34.52663,-83.474698,Other,3.0,2.0,1517.0,2021.0,209.6242584047462
451667203,SALE,SOLD,2024-03-29,435000.0,273 MAGNOLIA VILLAS DR,Cornelia City,Habersham,131370006041,34.505736,-83.5529885,Other,5.0,3.5,3216.0,2024.0,135.26119402985074
197998911,SALE,SOLD,2023-04-24,250000.0,3091 GAINESVILLE HWY,Raoul CDP,Habersham,131370006011,34.4550619,-83.5840481,Other,4.0,2.0,1475.0,2022.0,169.4915254237288
197162188,SALE,SOLD,2024-02-23,360500.0,718 SIGNATURE DR,Mount Airy Town,Habersham,131370004003,34.525598,-83.473992,Other,5.0,3.0,2488.0,2022.0,144.89549839228295
126331361,SALE,SOLD,2024-01-30,100000.0,197 SWEETGRASS DR,,Habersham,131370005021,34.572977,-83.514785,Other,3.0,2.5,2266.0,2024.0,44.1306266548985
87777491,SALE,SOLD,2023-06-05,220000.0,200 FARMHOUSE RD,,Habersham,131370004004,34.574358,-83.450381,Other,3.0,2.0,1338.0,2022.0,164.42451420029894
70025791,SALE,SOLD,2024-03-04,325000.0,494 DAY STAR LN,Mount Airy Town,Habersham,131370004003,34.527212,-83.47679,Other,3.0,2.5,1460.0,2024.0,222.6027397260274
455828465,SALE,SOLD,2024-06-20,279810.0,110 GREENVIEW CT,Homer Town,Banks,130119702001,34.362576,-83.490744,Other,3.0,2.5,1384.0,2024.0,202.17485549132948
455828465,SALE,SOLD,2024-06-11,372039.0,110 GREENVIEW CT,Homer Town,Banks,130119702001,34.362576,-83.490744,Other,3.0,2.5,1384.0,2024.0,268.8143063583815
453802642,SALE,SOLD,2024-04-18,260000.0,579 HIGHWAY 63,,Banks,130119702002,34.357666,-83.45805,Other,3.0,2.0,1456.0,2023.0,178.57142857142858
453499186,SALE,SOLD,2024-05-17,244900.0,1995 BUCKHORN RD,,Habersham,131370001001,34.6591153,-83.4595526,Other,3.0,2.0,1456.0,2024.0,168.20054945054946
452102258,SALE,SOLD,2024-04-29,245000.0,455 PARSON CIR,,Banks,130119702004,34.33141,-83.545044,Other,3.0,2.0,1180.0,2022.0,207.6271186440678
451573316,SALE,SOLD,2024-04-03,292000.0,641 OLD RIDGE RD,,Habersham,131370002011,34.597761,-83.57492,Other,3.0,2.0,1475.0,2024.0,197.96610169491527
451490393,SALE,SOLD,2024-06-20,279810.0,110 MUSCADINE PASS,Homer Town,Banks,130119702001,34.362873,-83.490808,Other,3.0,2.5,1933.0,2024.0,144.75426797723745
451490393,SALE,SOLD,2024-06-11,372039.0,110 MUSCADINE PASS,Homer Town,Banks,130119702001,34.362873,-83.490808,Other,3.0,2.5,1933.0,2024.0,192.46714950853595
433772663,SALE,SOLD,2024-02-23,243000.0,108 SOUTHERN ESTATES DR,,Habersham,131370002012,34.625332,-83.612174,Other,3.0,2.0,1585.0,2023.0,153.3123028391167
433772663,SALE,SOLD,2023-04-21,42500.0,108 SOUTHERN ESTATES DR,,Habersham,131370002012,34.625332,-83.612174,Other,3.0,2.0,1585.0,2023.0,26.813880126182966
198695255,SALE,SOLD,2022-12-21,2107000.0,110 HABERSHAM VILLAGE CIR,Cornelia City,Habersham,131370005023,34.540759,-83.541978,Other,0.0,0.0,2264.0,2022.0,930.6537102473499
121898740,SALE,SOLD,2024-06-21,253870.0,118 FLINTLOCK LN,,Habersham,131370002041,34.6247,-83.577568,Other,3.0,2.0,1792.0,2021.0,141.66852678571428
453757198,SALE,SOLD,2023-09-01,745000.0,551 MOUNTAIN VIS,,Habersham,131370001001,34.647488,-83.47245,Single family,4.0,5.5,3550.0,2023.0,209.85915492957747
452622229,SALE,SOLD,2024-07-15,300000.0,166 SALOME DR,Clarkesville City,Habersham,131370003002,34.6054706,-83.5129116,Single family,3.0,3.5,1894.0,2024.0,158.39493136219642
452378816,SALE,SOLD,2024-05-03,469900.0,208 STERLING MEADOWS DR,,Habersham,131370005021,34.581375,-83.512489,Single family,4.0,3.0,2308.0,2024.0,203.59618717504333
452378816,SALE,SOLD,2023-09-18,45000.0,208 STERLING MEADOWS DR,,Habersham,131370005021,34.581375,-83.512489,Single family,4.0,3.0,2308.0,2024.0,19.497400346620452
258202775,SALE,SOLD,2024-03-29,295900.0,438 HARVEST CHURCH RD,,Habersham,131370002041,34.633063,-83.604234,Single family,3.0,2.0,1504.0,2024.0,196.74202127659575
215404150,SALE,SOLD,2024-05-08,305670.0,623 FOREST WAY,Cornelia City,Habersham,131370006041,34.5051343,-83.554292,Single family,3.0,2.0,1634.0,2024.0,187.06854345165237
197977351,SALE,SOLD,2023-04-28,284890.0,504 CREEK RD,Cornelia City,Habersham,131370006041,34.505224,-83.555853,Single family,3.0,2.0,1634.0,2022.0,174.35128518971848
197976789,SALE,SOLD,2023-07-13,282875.0,159 MAGNOLIA VILLAS DR,Cornelia City,Habersham,131370006041,34.505074,-83.555769,Single family,3.0,2.0,1500.0,2022.0,188.58333333333334
197961283,SALE,SOLD,2023-05-19,640000.0,195 ORCHARD HILL DR,,Habersham,131370002033,34.7059894,-83.4738598,Single family,4.0,3.5,2563.0,2023.0,249.70737417089347
197838699,SALE,SOLD,2023-01-18,777500.0,178 NORTHERN SPY,,Habersham,131370002033,34.693256,-83.46019,Single family,4.0,4.5,3572.0,2022.0,217.66517357222844
197836603,SALE,SOLD,2023-03-03,2076000.0,1287 KELLY MOUNTAIN RD,,Habersham,131370002031,34.788464,-83.5852,Single family,3.0,4.0,2224.0,2021.0,933.4532374100719
197138109,SALE,SOLD,2023-01-27,299500.0,755 SIGNATURE DR,Mount Airy Town,Habersham,131370004003,34.52538,-83.47354,Single family,3.0,3.0,1900.0,2022.0,157.6315789473684
197134306,SALE,SOLD,2023-02-14,264700.0,544 CYPRESS DR,Mount Airy Town,Habersham,131370004003,34.528613,-83.475571,Single family,3.0,2.0,1495.0,2022.0,177.05685618729098
197134306,SALE,SOLD,2023-02-10,284700.0,544 CYPRESS DR,Mount Airy Town,Habersham,131370004003,34.528613,-83.475571,Single family,3.0,2.0,1495.0,2022.0,190.43478260869566
149346788,SALE,SOLD,2023-10-03,295000.0,548 ELROD ST,Cornelia City,Habersham,131370005012,34.520228,-83.521008,Single family,3.0,2.5,1816.0,2021.0,162.44493392070484
100600518,SALE,SOLD,2024-02-21,293000.0,734 DAWN PL,Baldwin City,Habersham,131370006012,34.490016,-83.590641,Single family,3.0,3.5,1720.0,2021.0,170.34883720930233
91160099,SALE,SOLD,2023-04-14,299900.0,650 TROJAN LN,Baldwin City,Habersham,131370006012,34.487794,-83.586769,Single family,3.0,2.5,1894.0,2022.0,158.34213305174234
86083772,SALE,SOLD,2024-02-21,302500.0,462 DAY STAR LN,Mount Airy Town,Habersham,131370004003,34.527734,-83.476592,Single family,3.0,2.0,1501.0,2023.0,201.5323117921386
72943373,SALE,SOLD,2024-09-30,380000.0,484 HUNTINGTON LN,,Habersham,131370005023,34.531135,-83.556268,Single family,4.0,4.5,2263.0,2020.0,167.91869200176757
71167363,SALE,SOLD,2022-12-15,320000.0,214 HIGHLAND POINTE DR,Baldwin City,Habersham,131370006012,34.489593,-83.586849,Single family,4.0,2.5,2307.0,2022.0,138.70827915041178
458066866,SALE,SOLD,2023-09-11,480000.0,466 SPIRAL HILLS DR,Demorest City,Habersham,131370005022,34.5628472,-83.5549017,Single family,4.0,2.5,2307.0,2024.0,208.06241872561768
456061832,SALE,SOLD,2024-09-24,329298.0,144 SALUDA DR,Demorest City,Habersham,131370005022,34.562848,-83.554189,Single family,3.0,3.5,1921.0,2024.0,171.4200937011973
453452392,SALE,SOLD,2024-05-09,420000.0,253 WATERFORD CIR,,Habersham,131370006031,34.497812,-83.619308,Single family,4.0,3.0,2121.0,2022.0,198.01980198019803
451546911,SALE,SOLD,2024-04-01,365000.0,811 SIGNATURE DR,Mount Airy Town,Habersham,131370004003,34.524044,-83.47523,Single family,3.0,3.0,1864.0,2022.0,195.8154506437768
434199977,SALE,SOLD,2024-07-18,307837.0,322 MAGNOLIA VILLAS DR,Cornelia City,Habersham,131370006041,34.5044997,-83.5544939,Single family,3.0,2.0,1500.0,2023.0,205.22466666666668
279747900,SALE,SOLD,2024-07-24,455500.0,326 MAGNOLIA VILLAS DR,Cornelia City,Habersham,131370006041,34.5044997,-83.5544939,Single family,6.0,5.5,3681.0,2023.0,123.74354794892692
198695354,SALE,SOLD,2023-09-25,389000.0,674 WILBANKS RD,,Habersham,131370006012,34.481351,-83.590489,Single family,4.0,2.5,2258.0,2021.0,172.27635075287864
198576297,SALE,SOLD,2024-03-27,340085.0,286 MAGNOLIA VILLAS DR,Cornelia City,Habersham,131370006041,34.5044997,-83.5544939,Single family,4.0,2.5,2121.0,2023.0,160.34181989627535
198411340,SALE,SOLD,2023-06-28,449000.0,300 LOVELACE RD,,Habersham,131370002032,34.6667948,-83.6375606,Single family,3.0,2.5,2900.0,2023.0,154.82758620689654
198220593,SALE,SOLD,2023-07-28,795000.0,542 MOUNTAIN VIEW LN,,Habersham,131370001001,34.6465257,-83.4728223,Single family,4.0,5.5,3650.0,2023.0,217.8082191780822
197976893,SALE,SOLD,2023-05-02,298410.0,510 CREEK RD,Cornelia City,Habersham,131370006041,34.505373,-83.555937,Single family,4.0,2.0,1830.0,2022.0,163.0655737704918
197817284,SALE,SOLD,2023-07-25,344770.0,726 PATHWAY CIR,Cornelia City,Habersham,131370006041,34.505967,-83.553069,Single family,4.0,2.0,2100.0,2023.0,164.17619047619047
179871707,SALE,SOLD,2023-11-02,345000.0,122 CHATTAHOOCHEE WAY,,Habersham,131370006031,34.513744,-83.63311,Single family,3.0,2.5,1994.0,2020.0,173.01905717151453
83331413,SALE,SOLD,2024-05-06,469900.0,313 STERLING MEADOWS DR,,Habersham,131370005021,34.580625,-83.511852,Single family,4.0,4.0,2493.0,2023.0,188.48776574408345
83331413,SALE,SOLD,2023-09-06,45000.0,313 STERLING MEADOWS DR,,Habersham,131370005021,34.580625,-83.511852,Single family,4.0,4.0,2493.0,2023.0,18.050541516245488
70964580,SALE,SOLD,2024-07-24,725000.0,3408 DUNCAN BRIDGE RD,,Habersham,131370006032,34.514286,-83.595258,Single family,3.0,2.5,3000.0,2021.0,241.66666666666666
469257861,SALE,SOLD,2024-10-04,295000.0,208 LAUREL BLUFF RD,,Banks,130119703001,34.34736,-83.604324,Other,3.0,2.0,1680.0,2024.0,175.5952380952381
469257861,SALE,SOLD,2024-06-04,50000.0,208 LAUREL BLUFF RD,,Banks,130119703001,34.34736,-83.604324,Other,3.0,2.0,1680.0,2024.0,29.761904761904763
451804494,SALE,SOLD,2024-05-08,398666.0,125 GINGER TRL,Homer Town,Banks,130119702001,34.362576,-83.490744,Other,5.0,3.5,2608.0,2024.0,152.86273006134968
275848603,SALE,SOLD,2024-04-11,508000.0,137 CLASSIC OVERLOOK,Homer Town,Banks,130119702001,34.362576,-83.490744,Other,4.0,2.5,2286.0,2023.0,222.22222222222223
213203365,SALE,SOLD,2023-10-31,160000.0,162 SAWTOOTH PL,,Banks,130119702002,34.41601,-83.405495,Other,3.0,2.0,1680.0,2021.0,95.23809523809524
199010791,SALE,SOLD,2024-08-12,282817.0,112 GREENVIEW CT,Homer Town,Banks,130119702001,34.362576,-83.490744,Other,3.0,2.5,1384.0,2023.0,204.34754335260115
199010791,SALE,SOLD,2022-12-29,890000.0,112 GREENVIEW CT,Homer Town,Banks,130119702001,34.362576,-83.490744,Other,3.0,2.5,1384.0,2023.0,643.0635838150289
198517573,SALE,SOLD,2023-08-15,530000.0,437 SAN ANDRES LN,,Banks,130119702003,34.334072,-83.409845,Other,3.0,2.0,1344.0,2022.0,394.3452380952381
198073741,SALE,SOLD,2023-01-03,205000.0,406 SPRING RD,,Banks,130119701003,34.433056,-83.459557,Other,3.0,2.0,1350.0,2023.0,151.85185185185185
172048919,SALE,SOLD,2023-08-21,530000.0,358 LEWIS DR,,Banks,130119702003,34.334072,-83.409845,Other,2.0,2.0,1344.0,2022.0,394.3452380952381
166788081,SALE,SOLD,2024-04-25,15500.0,126 LAKEVIEW WAY,Baldwin City,Banks,130119701002,34.458472,-83.5398,Other,5.0,3.0,2298.0,2024.0,6.744995648389904
156996321,SALE,SOLD,2023-01-27,4550000.0,1716 HIGHWAY 51 N,,Banks,130119702003,34.362028,-83.436486,Other,3.0,2.0,924.0,2020.0,4924.242424242424
108667857,SALE,SOLD,2024-03-06,21000.0,292 RAILROAD AVE,Lula City,Banks,130119703001,34.397511,-83.65564,Other,3.0,2.0,1456.0,2024.0,14.423076923076923
453230421,SALE,SOLD,2022-12-29,413500.0,119 PEACHWOOD LN,Homer Town,Banks,130119702001,34.359868,-83.492805,Single family,4.0,3.0,2648.0,2022.0,156.15558912386706
451774505,SALE,SOLD,2024-06-17,506503.0,177 CLASSIC OVERLOOK,Homer Town,Banks,130119702001,34.362576,-83.490744,Single family,5.0,3.5,2608.0,2024.0,194.21127300613497
279912461,SALE,SOLD,2024-01-25,350170.0,118 MUSCADINE PASS,Homer Town,Banks,130119702001,34.362576,-83.490744,Single family,3.0,3.5,1845.0,2023.0,189.7940379403794
279748152,SALE,SOLD,2024-07-12,512182.0,138 PRESERVE LN,Homer Town,Banks,130119702001,34.362576,-83.490744,Single family,4.0,3.5,2352.0,2023.0,217.76445578231292
213131278,SALE,SOLD,2023-10-27,470000.0,2036 HIGHWAY 63,,Banks,130119702003,34.341825,-83.397915,Single family,4.0,3.5,2324.0,2021.0,202.23752151462995
198565723,SALE,SOLD,2023-05-08,560000.0,471 PURCELL RD,,Banks,130119702002,34.372312,-83.418735,Single family,5.0,4.0,3675.0,2022.0,152.38095238095238
198277737,SALE,SOLD,2023-07-07,375000.0,6608 RIVER STATION DR,,Banks,130119703001,34.377724,-83.599625,Single family,4.0,2.5,2340.0,2022.0,160.25641025641025
197750972,SALE,SOLD,2023-05-16,391500.0,6604 RIVER STATION DR,,Banks,130119703001,34.377724,-83.599625,Single family,4.0,2.5,2600.0,2022.0,150.57692307692307
197279513,SALE,SOLD,2024-10-18,430000.0,746 WILBANKS RD,,Banks,130119701001,34.447468,-83.57953,Single family,4.0,3.5,2764.0,2022.0,155.57163531114327
167576410,SALE,SOLD,2024-02-13,225000.0,1350 MCCOY BRIDGE RD,,Banks,130119702003,34.314628,-83.463374,Single family,3.0,2.0,1500.0,2023.0,150.0
167576410,SALE,SOLD,2024-01-25,340000.0,1350 MCCOY BRIDGE RD,,Banks,130119702003,34.314628,-83.463374,Single family,3.0,2.0,1500.0,2023.0,226.66666666666666
132148171,SALE,SOLD,2023-11-13,336500.0,155 WATERFORD GLEN DR,Lula City,Banks,130119703001,34.394235,-83.654378,Single family,4.0,3.0,1731.0,2020.0,194.39630271519354
121593688,SALE,SOLD,2023-09-20,495000.0,187 CLASSIC OVERLOOK,Homer Town,Banks,130119702001,34.352108,-83.4816,Single family,3.0,2.0,1983.0,2021.0,249.62178517397882
121593688,SALE,SOLD,2023-09-15,495000.0,187 CLASSIC OVERLOOK,Homer Town,Banks,130119702001,34.352108,-83.4816,Single family,3.0,2.0,1983.0,2021.0,249.62178517397882
453618666,SALE,SOLD,2024-05-21,275625.0,108 GREENVIEW CT,,Banks,130119702002,34.35702,-83.461235,Other,3.0,2.5,1296.0,2024.0,212.67361111111111
453470021,SALE,SOLD,2024-05-30,285000.0,143 DYER RD,,Banks,130119703001,34.350027,-83.601334,Other,3.0,2.0,1475.0,2024.0,193.22033898305085
434338580,SALE,SOLD,2024-02-21,245000.0,150 SAWTOOTH PL,,Banks,130119702002,34.416922,-83.405274,Other,3.0,2.0,1560.0,2023.0,157.05128205128204
434338580,SALE,SOLD,2023-07-06,890000.0,150 SAWTOOTH PL,,Banks,130119702002,34.416922,-83.405274,Other,3.0,2.0,1560.0,2023.0,570.5128205128206
434170429,SALE,SOLD,2024-01-26,275000.0,159 DYER RD,,Banks,130119703001,34.3508431,-83.6006487,Other,3.0,2.0,1475.0,2023.0,186.4406779661017
279860937,SALE,SOLD,2024-02-22,274900.0,598 GARLAND WHITE RD,,Banks,130119701004,34.425166,-83.607215,Other,3.0,2.0,1560.0,2023.0,176.21794871794873
279860937,SALE,SOLD,2023-05-01,55000.0,598 GARLAND WHITE RD,,Banks,130119701004,34.425166,-83.607215,Other,3.0,2.0,1560.0,2023.0,35.256410256410255
199118018,SALE,SOLD,2024-01-23,669000.0,2775 YONAH HOMER RD,,Banks,130119702004,34.38302,-83.549736,Other,4.0,2.0,1475.0,2021.0,453.5593220338983
199013339,SALE,SOLD,2024-06-04,279300.0,120 GREENVIEW CT,Homer Town,Banks,130119702001,34.362576,-83.490744,Other,3.0,2.5,1384.0,2023.0,201.8063583815029
199013339,SALE,SOLD,2022-12-29,890000.0,120 GREENVIEW CT,Homer Town,Banks,130119702001,34.362576,-83.490744,Other,3.0,2.5,1384.0,2023.0,643.0635838150289
199010834,SALE,SOLD,2024-03-28,275775.0,118 GREENVIEW CT,Homer Town,Banks,130119702001,34.362576,-83.490744,Other,3.0,2.5,1296.0,2023.0,212.78935185185185
198852994,SALE,SOLD,2024-05-09,404305.0,261 EAGLE HEIGHTS DR,,Banks,130119703003,34.30258,-83.544685,Other,4.0,3.0,2316.0,2023.0,174.57037996545768
110132768,SALE,SOLD,2024-08-30,145000.0,2511 SAMPLES SCALES RD,,Banks,130119702001,34.396906,-83.49619,Other,2.0,1.0,765.0,2020.0,189.54248366013073
110132768,SALE,SOLD,2023-09-27,67000.0,2511 SAMPLES SCALES RD,,Banks,130119702001,34.396906,-83.49619,Other,2.0,1.0,765.0,2020.0,87.58169934640523
72169657,SALE,SOLD,2024-05-14,295000.0,499 SCALES CREEK RD,Homer Town,Banks,130119702001,34.35324,-83.49063,Other,4.0,2.0,1904.0,2020.0,154.93697478991598
